Name, Queue Size, Data Type, Num Producers, Num Consumers, Num Values, Time (us)
lat_circular_queue, 2048, int32_t, 1, 1, 1000000, 7708
lat_blocking_circular_queue, 2048, int32_t, 1, 1, 1000000, 5904
tp_circular_queue, 2048, int32_t, 1, 1, 1000000, 2893
tp_blocking_circular_queue, 2048, int32_t, 1, 1, 1000000, 3588
atomic_queue, 2048, int32_t, 1, 1, 1000000, 39179
atomic_queue2, 2048, int32_t, 1, 1, 1000000, 59137
spsc_atomic_queue, 2048, int32_t, 1, 1, 1000000, 27676
spsc_atomic_queue2, 2048, int32_t, 1, 1, 1000000, 12165
boost_queue, 2048, int32_t, 1, 1, 1000000, 144661
spsc_boost_queue, 2048, int32_t, 1, 1, 1000000, 7114
xenium_ramalhete_queue, 2048, int32_t, 1, 1, 1000000, 28378
moodycamel_concurrentqueue, 2048, int32_t, 1, 1, 1000000, 27482
moodycamel_readerwriterqueue, 2048, int32_t, 1, 1, 1000000, 15435
lat_circular_queue, 2048, int32_t, 1, 2, 1000000, 47112
lat_blocking_circular_queue, 2048, int32_t, 1, 2, 1000000, 28714
tp_circular_queue, 2048, int32_t, 1, 2, 1000000, 14573
tp_blocking_circular_queue, 2048, int32_t, 1, 2, 1000000, 13825
atomic_queue, 2048, int32_t, 1, 2, 1000000, 57064
atomic_queue2, 2048, int32_t, 1, 2, 1000000, 61344
boost_queue, 2048, int32_t, 1, 2, 1000000, 206936
xenium_ramalhete_queue, 2048, int32_t, 1, 2, 1000000, 24477
moodycamel_concurrentqueue, 2048, int32_t, 1, 2, 1000000, 74794
lat_circular_queue, 2048, int32_t, 1, 4, 1000000, 83003
lat_blocking_circular_queue, 2048, int32_t, 1, 4, 1000000, 81558
tp_circular_queue, 2048, int32_t, 1, 4, 1000000, 22385
tp_blocking_circular_queue, 2048, int32_t, 1, 4, 1000000, 22301
atomic_queue, 2048, int32_t, 1, 4, 1000000, 81313
atomic_queue2, 2048, int32_t, 1, 4, 1000000, 81488
boost_queue, 2048, int32_t, 1, 4, 1000000, 280600
xenium_ramalhete_queue, 2048, int32_t, 1, 4, 1000000, 80007
moodycamel_concurrentqueue, 2048, int32_t, 1, 4, 1000000, 78244
lat_circular_queue, 2048, int32_t, 1, 6, 1000000, 116004
lat_blocking_circular_queue, 2048, int32_t, 1, 6, 1000000, 111163
tp_circular_queue, 2048, int32_t, 1, 6, 1000000, 17494
tp_blocking_circular_queue, 2048, int32_t, 1, 6, 1000000, 17130
atomic_queue, 2048, int32_t, 1, 6, 1000000, 126170
atomic_queue2, 2048, int32_t, 1, 6, 1000000, 136848
boost_queue, 2048, int32_t, 1, 6, 1000000, 265262
xenium_ramalhete_queue, 2048, int32_t, 1, 6, 1000000, 93545
moodycamel_concurrentqueue, 2048, int32_t, 1, 6, 1000000, 108816
lat_circular_queue, 2048, int32_t, 2, 1, 1000000, 36823
lat_blocking_circular_queue, 2048, int32_t, 2, 1, 1000000, 19717
tp_circular_queue, 2048, int32_t, 2, 1, 1000000, 3098
tp_blocking_circular_queue, 2048, int32_t, 2, 1, 1000000, 5253
atomic_queue, 2048, int32_t, 2, 1, 1000000, 40770
atomic_queue2, 2048, int32_t, 2, 1, 1000000, 49129
boost_queue, 2048, int32_t, 2, 1, 1000000, 142275
xenium_ramalhete_queue, 2048, int32_t, 2, 1, 1000000, 33755
moodycamel_concurrentqueue, 2048, int32_t, 2, 1, 1000000, 19522
lat_circular_queue, 2048, int32_t, 2, 2, 1000000, 49407
lat_blocking_circular_queue, 2048, int32_t, 2, 2, 1000000, 21708
tp_circular_queue, 2048, int32_t, 2, 2, 1000000, 7256
tp_blocking_circular_queue, 2048, int32_t, 2, 2, 1000000, 15931
atomic_queue, 2048, int32_t, 2, 2, 1000000, 56122
atomic_queue2, 2048, int32_t, 2, 2, 1000000, 73988
boost_queue, 2048, int32_t, 2, 2, 1000000, 180271
xenium_ramalhete_queue, 2048, int32_t, 2, 2, 1000000, 27631
moodycamel_concurrentqueue, 2048, int32_t, 2, 2, 1000000, 68477
lat_circular_queue, 2048, int32_t, 2, 4, 1000000, 77081
lat_blocking_circular_queue, 2048, int32_t, 2, 4, 1000000, 73675
tp_circular_queue, 2048, int32_t, 2, 4, 1000000, 21385
tp_blocking_circular_queue, 2048, int32_t, 2, 4, 1000000, 21713
atomic_queue, 2048, int32_t, 2, 4, 1000000, 88102
atomic_queue2, 2048, int32_t, 2, 4, 1000000, 87473
boost_queue, 2048, int32_t, 2, 4, 1000000, 250082
xenium_ramalhete_queue, 2048, int32_t, 2, 4, 1000000, 47688
moodycamel_concurrentqueue, 2048, int32_t, 2, 4, 1000000, 73461
lat_circular_queue, 2048, int32_t, 2, 6, 1000000, 106962
lat_blocking_circular_queue, 2048, int32_t, 2, 6, 1000000, 98709
tp_circular_queue, 2048, int32_t, 2, 6, 1000000, 14185
tp_blocking_circular_queue, 2048, int32_t, 2, 6, 1000000, 11219
atomic_queue, 2048, int32_t, 2, 6, 1000000, 114935
atomic_queue2, 2048, int32_t, 2, 6, 1000000, 116182
boost_queue, 2048, int32_t, 2, 6, 1000000, 227494
xenium_ramalhete_queue, 2048, int32_t, 2, 6, 1000000, 56419
moodycamel_concurrentqueue, 2048, int32_t, 2, 6, 1000000, 70849
lat_circular_queue, 2048, int32_t, 4, 1, 1000000, 74433
lat_blocking_circular_queue, 2048, int32_t, 4, 1, 1000000, 69840
tp_circular_queue, 2048, int32_t, 4, 1, 1000000, 4692
tp_blocking_circular_queue, 2048, int32_t, 4, 1, 1000000, 4508
atomic_queue, 2048, int32_t, 4, 1, 1000000, 45053
atomic_queue2, 2048, int32_t, 4, 1, 1000000, 113828
boost_queue, 2048, int32_t, 4, 1, 1000000, 214185
xenium_ramalhete_queue, 2048, int32_t, 4, 1, 1000000, 19117
moodycamel_concurrentqueue, 2048, int32_t, 4, 1, 1000000, 15653
lat_circular_queue, 2048, int32_t, 4, 2, 1000000, 75776
lat_blocking_circular_queue, 2048, int32_t, 4, 2, 1000000, 69266
tp_circular_queue, 2048, int32_t, 4, 2, 1000000, 6089
tp_blocking_circular_queue, 2048, int32_t, 4, 2, 1000000, 6299
atomic_queue, 2048, int32_t, 4, 2, 1000000, 55401
atomic_queue2, 2048, int32_t, 4, 2, 1000000, 104220
boost_queue, 2048, int32_t, 4, 2, 1000000, 247098
xenium_ramalhete_queue, 2048, int32_t, 4, 2, 1000000, 21727
moodycamel_concurrentqueue, 2048, int32_t, 4, 2, 1000000, 61107
lat_circular_queue, 2048, int32_t, 4, 4, 1000000, 74011
lat_blocking_circular_queue, 2048, int32_t, 4, 4, 1000000, 62142
tp_circular_queue, 2048, int32_t, 4, 4, 1000000, 5828
tp_blocking_circular_queue, 2048, int32_t, 4, 4, 1000000, 7419
atomic_queue, 2048, int32_t, 4, 4, 1000000, 80416
atomic_queue2, 2048, int32_t, 4, 4, 1000000, 87968
boost_queue, 2048, int32_t, 4, 4, 1000000, 224909
xenium_ramalhete_queue, 2048, int32_t, 4, 4, 1000000, 21274
moodycamel_concurrentqueue, 2048, int32_t, 4, 4, 1000000, 64311
lat_circular_queue, 2048, int32_t, 4, 6, 1000000, 102019
lat_blocking_circular_queue, 2048, int32_t, 4, 6, 1000000, 92473
tp_circular_queue, 2048, int32_t, 4, 6, 1000000, 12555
tp_blocking_circular_queue, 2048, int32_t, 4, 6, 1000000, 11686
atomic_queue, 2048, int32_t, 4, 6, 1000000, 114823
atomic_queue2, 2048, int32_t, 4, 6, 1000000, 102389
boost_queue, 2048, int32_t, 4, 6, 1000000, 234893
xenium_ramalhete_queue, 2048, int32_t, 4, 6, 1000000, 18256
moodycamel_concurrentqueue, 2048, int32_t, 4, 6, 1000000, 61723
lat_circular_queue, 2048, int32_t, 6, 1, 1000000, 98054
lat_blocking_circular_queue, 2048, int32_t, 6, 1, 1000000, 95136
tp_circular_queue, 2048, int32_t, 6, 1, 1000000, 6384
tp_blocking_circular_queue, 2048, int32_t, 6, 1, 1000000, 5921
atomic_queue, 2048, int32_t, 6, 1, 1000000, 44442
atomic_queue2, 2048, int32_t, 6, 1, 1000000, 180454
boost_queue, 2048, int32_t, 6, 1, 1000000, 224298
xenium_ramalhete_queue, 2048, int32_t, 6, 1, 1000000, 17055
moodycamel_concurrentqueue, 2048, int32_t, 6, 1, 1000000, 15637
lat_circular_queue, 2048, int32_t, 6, 2, 1000000, 98169
lat_blocking_circular_queue, 2048, int32_t, 6, 2, 1000000, 92229
tp_circular_queue, 2048, int32_t, 6, 2, 1000000, 7929
tp_blocking_circular_queue, 2048, int32_t, 6, 2, 1000000, 7783
atomic_queue, 2048, int32_t, 6, 2, 1000000, 50328
atomic_queue2, 2048, int32_t, 6, 2, 1000000, 111961
boost_queue, 2048, int32_t, 6, 2, 1000000, 250171
xenium_ramalhete_queue, 2048, int32_t, 6, 2, 1000000, 21442
moodycamel_concurrentqueue, 2048, int32_t, 6, 2, 1000000, 60494
lat_circular_queue, 2048, int32_t, 6, 4, 1000000, 90943
lat_blocking_circular_queue, 2048, int32_t, 6, 4, 1000000, 89340
tp_circular_queue, 2048, int32_t, 6, 4, 1000000, 11465
tp_blocking_circular_queue, 2048, int32_t, 6, 4, 1000000, 12167
atomic_queue, 2048, int32_t, 6, 4, 1000000, 72624
atomic_queue2, 2048, int32_t, 6, 4, 1000000, 87005
boost_queue, 2048, int32_t, 6, 4, 1000000, 250145
xenium_ramalhete_queue, 2048, int32_t, 6, 4, 1000000, 17695
moodycamel_concurrentqueue, 2048, int32_t, 6, 4, 1000000, 60973
lat_circular_queue, 2048, int32_t, 6, 6, 1000000, 98133
lat_blocking_circular_queue, 2048, int32_t, 6, 6, 1000000, 85041
tp_circular_queue, 2048, int32_t, 6, 6, 1000000, 10176
tp_blocking_circular_queue, 2048, int32_t, 6, 6, 1000000, 10215
atomic_queue, 2048, int32_t, 6, 6, 1000000, 111996
atomic_queue2, 2048, int32_t, 6, 6, 1000000, 106885
boost_queue, 2048, int32_t, 6, 6, 1000000, 253673
xenium_ramalhete_queue, 2048, int32_t, 6, 6, 1000000, 17561
moodycamel_concurrentqueue, 2048, int32_t, 6, 6, 1000000, 63889
lat_circular_queue, 2048, int32_t, 1, 1, 1000000, 6440
lat_blocking_circular_queue, 2048, int32_t, 1, 1, 1000000, 5714
tp_circular_queue, 2048, int32_t, 1, 1, 1000000, 3070
tp_blocking_circular_queue, 2048, int32_t, 1, 1, 1000000, 4065
atomic_queue, 2048, int32_t, 1, 1, 1000000, 36372
atomic_queue2, 2048, int32_t, 1, 1, 1000000, 55649
spsc_atomic_queue, 2048, int32_t, 1, 1, 1000000, 29308
spsc_atomic_queue2, 2048, int32_t, 1, 1, 1000000, 23309
boost_queue, 2048, int32_t, 1, 1, 1000000, 130256
spsc_boost_queue, 2048, int32_t, 1, 1, 1000000, 8424
xenium_ramalhete_queue, 2048, int32_t, 1, 1, 1000000, 52715
moodycamel_concurrentqueue, 2048, int32_t, 1, 1, 1000000, 25904
moodycamel_readerwriterqueue, 2048, int32_t, 1, 1, 1000000, 15586
lat_circular_queue, 2048, int32_t, 1, 2, 1000000, 49054
lat_blocking_circular_queue, 2048, int32_t, 1, 2, 1000000, 26115
tp_circular_queue, 2048, int32_t, 1, 2, 1000000, 8971
tp_blocking_circular_queue, 2048, int32_t, 1, 2, 1000000, 9905
atomic_queue, 2048, int32_t, 1, 2, 1000000, 54713
atomic_queue2, 2048, int32_t, 1, 2, 1000000, 57533
boost_queue, 2048, int32_t, 1, 2, 1000000, 204465
xenium_ramalhete_queue, 2048, int32_t, 1, 2, 1000000, 24746
moodycamel_concurrentqueue, 2048, int32_t, 1, 2, 1000000, 60020
lat_circular_queue, 2048, int32_t, 1, 4, 1000000, 79145
lat_blocking_circular_queue, 2048, int32_t, 1, 4, 1000000, 75360
tp_circular_queue, 2048, int32_t, 1, 4, 1000000, 19423
tp_blocking_circular_queue, 2048, int32_t, 1, 4, 1000000, 20815
atomic_queue, 2048, int32_t, 1, 4, 1000000, 79841
atomic_queue2, 2048, int32_t, 1, 4, 1000000, 81139
boost_queue, 2048, int32_t, 1, 4, 1000000, 248720
xenium_ramalhete_queue, 2048, int32_t, 1, 4, 1000000, 73058
moodycamel_concurrentqueue, 2048, int32_t, 1, 4, 1000000, 70668
lat_circular_queue, 2048, int32_t, 1, 6, 1000000, 107012
lat_blocking_circular_queue, 2048, int32_t, 1, 6, 1000000, 102958
tp_circular_queue, 2048, int32_t, 1, 6, 1000000, 13309
tp_blocking_circular_queue, 2048, int32_t, 1, 6, 1000000, 12371
atomic_queue, 2048, int32_t, 1, 6, 1000000, 119019
atomic_queue2, 2048, int32_t, 1, 6, 1000000, 120319
boost_queue, 2048, int32_t, 1, 6, 1000000, 242931
xenium_ramalhete_queue, 2048, int32_t, 1, 6, 1000000, 91192
moodycamel_concurrentqueue, 2048, int32_t, 1, 6, 1000000, 100127
lat_circular_queue, 2048, int32_t, 2, 1, 1000000, 38259
lat_blocking_circular_queue, 2048, int32_t, 2, 1, 1000000, 23389
tp_circular_queue, 2048, int32_t, 2, 1, 1000000, 2955
tp_blocking_circular_queue, 2048, int32_t, 2, 1, 1000000, 9757
atomic_queue, 2048, int32_t, 2, 1, 1000000, 36196
atomic_queue2, 2048, int32_t, 2, 1, 1000000, 43085
boost_queue, 2048, int32_t, 2, 1, 1000000, 140464
xenium_ramalhete_queue, 2048, int32_t, 2, 1, 1000000, 31299
moodycamel_concurrentqueue, 2048, int32_t, 2, 1, 1000000, 21598
lat_circular_queue, 2048, int32_t, 2, 2, 1000000, 48394
lat_blocking_circular_queue, 2048, int32_t, 2, 2, 1000000, 22596
tp_circular_queue, 2048, int32_t, 2, 2, 1000000, 10167
tp_blocking_circular_queue, 2048, int32_t, 2, 2, 1000000, 11632
atomic_queue, 2048, int32_t, 2, 2, 1000000, 59201
atomic_queue2, 2048, int32_t, 2, 2, 1000000, 76215
boost_queue, 2048, int32_t, 2, 2, 1000000, 191292
xenium_ramalhete_queue, 2048, int32_t, 2, 2, 1000000, 29688
moodycamel_concurrentqueue, 2048, int32_t, 2, 2, 1000000, 65498
lat_circular_queue, 2048, int32_t, 2, 4, 1000000, 76524
lat_blocking_circular_queue, 2048, int32_t, 2, 4, 1000000, 72003
tp_circular_queue, 2048, int32_t, 2, 4, 1000000, 18654
tp_blocking_circular_queue, 2048, int32_t, 2, 4, 1000000, 18668
atomic_queue, 2048, int32_t, 2, 4, 1000000, 75047
atomic_queue2, 2048, int32_t, 2, 4, 1000000, 80217
boost_queue, 2048, int32_t, 2, 4, 1000000, 253173
xenium_ramalhete_queue, 2048, int32_t, 2, 4, 1000000, 47242
moodycamel_concurrentqueue, 2048, int32_t, 2, 4, 1000000, 70191
lat_circular_queue, 2048, int32_t, 2, 6, 1000000, 105919
lat_blocking_circular_queue, 2048, int32_t, 2, 6, 1000000, 98987
tp_circular_queue, 2048, int32_t, 2, 6, 1000000, 14775
tp_blocking_circular_queue, 2048, int32_t, 2, 6, 1000000, 12837
atomic_queue, 2048, int32_t, 2, 6, 1000000, 113739
atomic_queue2, 2048, int32_t, 2, 6, 1000000, 115503
boost_queue, 2048, int32_t, 2, 6, 1000000, 226210
xenium_ramalhete_queue, 2048, int32_t, 2, 6, 1000000, 58969
moodycamel_concurrentqueue, 2048, int32_t, 2, 6, 1000000, 69319
lat_circular_queue, 2048, int32_t, 4, 1, 1000000, 71372
lat_blocking_circular_queue, 2048, int32_t, 4, 1, 1000000, 72280
tp_circular_queue, 2048, int32_t, 4, 1, 1000000, 4705
tp_blocking_circular_queue, 2048, int32_t, 4, 1, 1000000, 4263
atomic_queue, 2048, int32_t, 4, 1, 1000000, 44835
atomic_queue2, 2048, int32_t, 4, 1, 1000000, 112117
boost_queue, 2048, int32_t, 4, 1, 1000000, 214445
xenium_ramalhete_queue, 2048, int32_t, 4, 1, 1000000, 20140
moodycamel_concurrentqueue, 2048, int32_t, 4, 1, 1000000, 15243
lat_circular_queue, 2048, int32_t, 4, 2, 1000000, 74355
lat_blocking_circular_queue, 2048, int32_t, 4, 2, 1000000, 69974
tp_circular_queue, 2048, int32_t, 4, 2, 1000000, 4998
tp_blocking_circular_queue, 2048, int32_t, 4, 2, 1000000, 6098
atomic_queue, 2048, int32_t, 4, 2, 1000000, 53699
atomic_queue2, 2048, int32_t, 4, 2, 1000000, 104429
boost_queue, 2048, int32_t, 4, 2, 1000000, 246460
xenium_ramalhete_queue, 2048, int32_t, 4, 2, 1000000, 20097
moodycamel_concurrentqueue, 2048, int32_t, 4, 2, 1000000, 60739
lat_circular_queue, 2048, int32_t, 4, 4, 1000000, 69519
lat_blocking_circular_queue, 2048, int32_t, 4, 4, 1000000, 61959
tp_circular_queue, 2048, int32_t, 4, 4, 1000000, 6545
tp_blocking_circular_queue, 2048, int32_t, 4, 4, 1000000, 4721
atomic_queue, 2048, int32_t, 4, 4, 1000000, 80304
atomic_queue2, 2048, int32_t, 4, 4, 1000000, 85954
boost_queue, 2048, int32_t, 4, 4, 1000000, 221293
xenium_ramalhete_queue, 2048, int32_t, 4, 4, 1000000, 23102
moodycamel_concurrentqueue, 2048, int32_t, 4, 4, 1000000, 65273
lat_circular_queue, 2048, int32_t, 4, 6, 1000000, 103023
lat_blocking_circular_queue, 2048, int32_t, 4, 6, 1000000, 91719
tp_circular_queue, 2048, int32_t, 4, 6, 1000000, 14489
tp_blocking_circular_queue, 2048, int32_t, 4, 6, 1000000, 13841
atomic_queue, 2048, int32_t, 4, 6, 1000000, 114979
atomic_queue2, 2048, int32_t, 4, 6, 1000000, 110218
boost_queue, 2048, int32_t, 4, 6, 1000000, 232071
xenium_ramalhete_queue, 2048, int32_t, 4, 6, 1000000, 17887
moodycamel_concurrentqueue, 2048, int32_t, 4, 6, 1000000, 61811
lat_circular_queue, 2048, int32_t, 6, 1, 1000000, 97897
lat_blocking_circular_queue, 2048, int32_t, 6, 1, 1000000, 83942
tp_circular_queue, 2048, int32_t, 6, 1, 1000000, 6060
tp_blocking_circular_queue, 2048, int32_t, 6, 1, 1000000, 6039
atomic_queue, 2048, int32_t, 6, 1, 1000000, 46073
atomic_queue2, 2048, int32_t, 6, 1, 1000000, 144438
boost_queue, 2048, int32_t, 6, 1, 1000000, 224050
xenium_ramalhete_queue, 2048, int32_t, 6, 1, 1000000, 17187
moodycamel_concurrentqueue, 2048, int32_t, 6, 1, 1000000, 15100
lat_circular_queue, 2048, int32_t, 6, 2, 1000000, 97371
lat_blocking_circular_queue, 2048, int32_t, 6, 2, 1000000, 82671
tp_circular_queue, 2048, int32_t, 6, 2, 1000000, 8637
tp_blocking_circular_queue, 2048, int32_t, 6, 2, 1000000, 8166
atomic_queue, 2048, int32_t, 6, 2, 1000000, 49753
atomic_queue2, 2048, int32_t, 6, 2, 1000000, 118298
boost_queue, 2048, int32_t, 6, 2, 1000000, 253576
xenium_ramalhete_queue, 2048, int32_t, 6, 2, 1000000, 18745
moodycamel_concurrentqueue, 2048, int32_t, 6, 2, 1000000, 57800
lat_circular_queue, 2048, int32_t, 6, 4, 1000000, 98147
lat_blocking_circular_queue, 2048, int32_t, 6, 4, 1000000, 89000
tp_circular_queue, 2048, int32_t, 6, 4, 1000000, 11333
tp_blocking_circular_queue, 2048, int32_t, 6, 4, 1000000, 12059
atomic_queue, 2048, int32_t, 6, 4, 1000000, 70520
atomic_queue2, 2048, int32_t, 6, 4, 1000000, 88405
boost_queue, 2048, int32_t, 6, 4, 1000000, 231094
xenium_ramalhete_queue, 2048, int32_t, 6, 4, 1000000, 17472
moodycamel_concurrentqueue, 2048, int32_t, 6, 4, 1000000, 63489
lat_circular_queue, 2048, int32_t, 6, 6, 1000000, 97470
lat_blocking_circular_queue, 2048, int32_t, 6, 6, 1000000, 85031
tp_circular_queue, 2048, int32_t, 6, 6, 1000000, 9462
tp_blocking_circular_queue, 2048, int32_t, 6, 6, 1000000, 9541
atomic_queue, 2048, int32_t, 6, 6, 1000000, 111473
atomic_queue2, 2048, int32_t, 6, 6, 1000000, 112722
boost_queue, 2048, int32_t, 6, 6, 1000000, 263788
xenium_ramalhete_queue, 2048, int32_t, 6, 6, 1000000, 17450
moodycamel_concurrentqueue, 2048, int32_t, 6, 6, 1000000, 61731
lat_circular_queue, 2048, int32_t, 1, 1, 1000000, 6225
lat_blocking_circular_queue, 2048, int32_t, 1, 1, 1000000, 5009
tp_circular_queue, 2048, int32_t, 1, 1, 1000000, 4492
tp_blocking_circular_queue, 2048, int32_t, 1, 1, 1000000, 2551
atomic_queue, 2048, int32_t, 1, 1, 1000000, 36330
atomic_queue2, 2048, int32_t, 1, 1, 1000000, 54880
spsc_atomic_queue, 2048, int32_t, 1, 1, 1000000, 25674
spsc_atomic_queue2, 2048, int32_t, 1, 1, 1000000, 24934
boost_queue, 2048, int32_t, 1, 1, 1000000, 136608
spsc_boost_queue, 2048, int32_t, 1, 1, 1000000, 5426
xenium_ramalhete_queue, 2048, int32_t, 1, 1, 1000000, 18809
moodycamel_concurrentqueue, 2048, int32_t, 1, 1, 1000000, 29320
moodycamel_readerwriterqueue, 2048, int32_t, 1, 1, 1000000, 13165
lat_circular_queue, 2048, int32_t, 1, 2, 1000000, 46382
lat_blocking_circular_queue, 2048, int32_t, 1, 2, 1000000, 24272
tp_circular_queue, 2048, int32_t, 1, 2, 1000000, 6334
tp_blocking_circular_queue, 2048, int32_t, 1, 2, 1000000, 5110
atomic_queue, 2048, int32_t, 1, 2, 1000000, 54934
atomic_queue2, 2048, int32_t, 1, 2, 1000000, 58087
boost_queue, 2048, int32_t, 1, 2, 1000000, 189114
xenium_ramalhete_queue, 2048, int32_t, 1, 2, 1000000, 33280
moodycamel_concurrentqueue, 2048, int32_t, 1, 2, 1000000, 69059
lat_circular_queue, 2048, int32_t, 1, 4, 1000000, 78005
lat_blocking_circular_queue, 2048, int32_t, 1, 4, 1000000, 73300
tp_circular_queue, 2048, int32_t, 1, 4, 1000000, 21443
tp_blocking_circular_queue, 2048, int32_t, 1, 4, 1000000, 20525
atomic_queue, 2048, int32_t, 1, 4, 1000000, 86905
atomic_queue2, 2048, int32_t, 1, 4, 1000000, 79825
boost_queue, 2048, int32_t, 1, 4, 1000000, 251280
xenium_ramalhete_queue, 2048, int32_t, 1, 4, 1000000, 73784
moodycamel_concurrentqueue, 2048, int32_t, 1, 4, 1000000, 89012
lat_circular_queue, 2048, int32_t, 1, 6, 1000000, 108567
lat_blocking_circular_queue, 2048, int32_t, 1, 6, 1000000, 102995
tp_circular_queue, 2048, int32_t, 1, 6, 1000000, 13629
tp_blocking_circular_queue, 2048, int32_t, 1, 6, 1000000, 12801
atomic_queue, 2048, int32_t, 1, 6, 1000000, 119490
atomic_queue2, 2048, int32_t, 1, 6, 1000000, 120926
boost_queue, 2048, int32_t, 1, 6, 1000000, 229447
xenium_ramalhete_queue, 2048, int32_t, 1, 6, 1000000, 90265
moodycamel_concurrentqueue, 2048, int32_t, 1, 6, 1000000, 94098
lat_circular_queue, 2048, int32_t, 2, 1, 1000000, 41888
lat_blocking_circular_queue, 2048, int32_t, 2, 1, 1000000, 24441
tp_circular_queue, 2048, int32_t, 2, 1, 1000000, 7569
tp_blocking_circular_queue, 2048, int32_t, 2, 1, 1000000, 3687
atomic_queue, 2048, int32_t, 2, 1, 1000000, 34053
atomic_queue2, 2048, int32_t, 2, 1, 1000000, 46618
boost_queue, 2048, int32_t, 2, 1, 1000000, 137827
xenium_ramalhete_queue, 2048, int32_t, 2, 1, 1000000, 30754
moodycamel_concurrentqueue, 2048, int32_t, 2, 1, 1000000, 21026
lat_circular_queue, 2048, int32_t, 2, 2, 1000000, 49408
lat_blocking_circular_queue, 2048, int32_t, 2, 2, 1000000, 21924
tp_circular_queue, 2048, int32_t, 2, 2, 1000000, 3611
tp_blocking_circular_queue, 2048, int32_t, 2, 2, 1000000, 12601
atomic_queue, 2048, int32_t, 2, 2, 1000000, 61518
atomic_queue2, 2048, int32_t, 2, 2, 1000000, 77389
boost_queue, 2048, int32_t, 2, 2, 1000000, 192402
xenium_ramalhete_queue, 2048, int32_t, 2, 2, 1000000, 32002
moodycamel_concurrentqueue, 2048, int32_t, 2, 2, 1000000, 70464
lat_circular_queue, 2048, int32_t, 2, 4, 1000000, 76477
lat_blocking_circular_queue, 2048, int32_t, 2, 4, 1000000, 76015
tp_circular_queue, 2048, int32_t, 2, 4, 1000000, 18821
tp_blocking_circular_queue, 2048, int32_t, 2, 4, 1000000, 20195
atomic_queue, 2048, int32_t, 2, 4, 1000000, 84352
atomic_queue2, 2048, int32_t, 2, 4, 1000000, 86227
boost_queue, 2048, int32_t, 2, 4, 1000000, 248383
xenium_ramalhete_queue, 2048, int32_t, 2, 4, 1000000, 46059
moodycamel_concurrentqueue, 2048, int32_t, 2, 4, 1000000, 68552
lat_circular_queue, 2048, int32_t, 2, 6, 1000000, 105895
lat_blocking_circular_queue, 2048, int32_t, 2, 6, 1000000, 98600
tp_circular_queue, 2048, int32_t, 2, 6, 1000000, 14553
tp_blocking_circular_queue, 2048, int32_t, 2, 6, 1000000, 12422
atomic_queue, 2048, int32_t, 2, 6, 1000000, 95410
atomic_queue2, 2048, int32_t, 2, 6, 1000000, 114900
boost_queue, 2048, int32_t, 2, 6, 1000000, 226528
xenium_ramalhete_queue, 2048, int32_t, 2, 6, 1000000, 58179
moodycamel_concurrentqueue, 2048, int32_t, 2, 6, 1000000, 68016
lat_circular_queue, 2048, int32_t, 4, 1, 1000000, 73905
lat_blocking_circular_queue, 2048, int32_t, 4, 1, 1000000, 70431
tp_circular_queue, 2048, int32_t, 4, 1, 1000000, 5191
tp_blocking_circular_queue, 2048, int32_t, 4, 1, 1000000, 4852
atomic_queue, 2048, int32_t, 4, 1, 1000000, 45075
atomic_queue2, 2048, int32_t, 4, 1, 1000000, 114972
boost_queue, 2048, int32_t, 4, 1, 1000000, 213068
xenium_ramalhete_queue, 2048, int32_t, 4, 1, 1000000, 20146
moodycamel_concurrentqueue, 2048, int32_t, 4, 1, 1000000, 15991
lat_circular_queue, 2048, int32_t, 4, 2, 1000000, 74331
lat_blocking_circular_queue, 2048, int32_t, 4, 2, 1000000, 69631
tp_circular_queue, 2048, int32_t, 4, 2, 1000000, 6119
tp_blocking_circular_queue, 2048, int32_t, 4, 2, 1000000, 5803
atomic_queue, 2048, int32_t, 4, 2, 1000000, 53000
atomic_queue2, 2048, int32_t, 4, 2, 1000000, 103926
boost_queue, 2048, int32_t, 4, 2, 1000000, 196244
xenium_ramalhete_queue, 2048, int32_t, 4, 2, 1000000, 20294
moodycamel_concurrentqueue, 2048, int32_t, 4, 2, 1000000, 58865
lat_circular_queue, 2048, int32_t, 4, 4, 1000000, 69825
lat_blocking_circular_queue, 2048, int32_t, 4, 4, 1000000, 61284
tp_circular_queue, 2048, int32_t, 4, 4, 1000000, 8808
tp_blocking_circular_queue, 2048, int32_t, 4, 4, 1000000, 6810
atomic_queue, 2048, int32_t, 4, 4, 1000000, 81844
atomic_queue2, 2048, int32_t, 4, 4, 1000000, 88456
boost_queue, 2048, int32_t, 4, 4, 1000000, 216819
xenium_ramalhete_queue, 2048, int32_t, 4, 4, 1000000, 18700
moodycamel_concurrentqueue, 2048, int32_t, 4, 4, 1000000, 62507
lat_circular_queue, 2048, int32_t, 4, 6, 1000000, 103097
lat_blocking_circular_queue, 2048, int32_t, 4, 6, 1000000, 92287
tp_circular_queue, 2048, int32_t, 4, 6, 1000000, 12055
tp_blocking_circular_queue, 2048, int32_t, 4, 6, 1000000, 13910
atomic_queue, 2048, int32_t, 4, 6, 1000000, 114742
atomic_queue2, 2048, int32_t, 4, 6, 1000000, 109360
boost_queue, 2048, int32_t, 4, 6, 1000000, 236602
xenium_ramalhete_queue, 2048, int32_t, 4, 6, 1000000, 17696
moodycamel_concurrentqueue, 2048, int32_t, 4, 6, 1000000, 61491
lat_circular_queue, 2048, int32_t, 6, 1, 1000000, 95069
lat_blocking_circular_queue, 2048, int32_t, 6, 1, 1000000, 82462
tp_circular_queue, 2048, int32_t, 6, 1, 1000000, 6262
tp_blocking_circular_queue, 2048, int32_t, 6, 1, 1000000, 5799
atomic_queue, 2048, int32_t, 6, 1, 1000000, 46026
atomic_queue2, 2048, int32_t, 6, 1, 1000000, 145326
boost_queue, 2048, int32_t, 6, 1, 1000000, 218611
xenium_ramalhete_queue, 2048, int32_t, 6, 1, 1000000, 16900
moodycamel_concurrentqueue, 2048, int32_t, 6, 1, 1000000, 13709
lat_circular_queue, 2048, int32_t, 6, 2, 1000000, 97318
lat_blocking_circular_queue, 2048, int32_t, 6, 2, 1000000, 83454
tp_circular_queue, 2048, int32_t, 6, 2, 1000000, 8426
tp_blocking_circular_queue, 2048, int32_t, 6, 2, 1000000, 8668
atomic_queue, 2048, int32_t, 6, 2, 1000000, 50945
atomic_queue2, 2048, int32_t, 6, 2, 1000000, 119511
boost_queue, 2048, int32_t, 6, 2, 1000000, 251066
xenium_ramalhete_queue, 2048, int32_t, 6, 2, 1000000, 18935
moodycamel_concurrentqueue, 2048, int32_t, 6, 2, 1000000, 62498
lat_circular_queue, 2048, int32_t, 6, 4, 1000000, 93135
lat_blocking_circular_queue, 2048, int32_t, 6, 4, 1000000, 83436
tp_circular_queue, 2048, int32_t, 6, 4, 1000000, 11999
tp_blocking_circular_queue, 2048, int32_t, 6, 4, 1000000, 11462
atomic_queue, 2048, int32_t, 6, 4, 1000000, 76030
atomic_queue2, 2048, int32_t, 6, 4, 1000000, 87212
boost_queue, 2048, int32_t, 6, 4, 1000000, 240535
xenium_ramalhete_queue, 2048, int32_t, 6, 4, 1000000, 17619
moodycamel_concurrentqueue, 2048, int32_t, 6, 4, 1000000, 61016
lat_circular_queue, 2048, int32_t, 6, 6, 1000000, 99174
lat_blocking_circular_queue, 2048, int32_t, 6, 6, 1000000, 85053
tp_circular_queue, 2048, int32_t, 6, 6, 1000000, 8874
tp_blocking_circular_queue, 2048, int32_t, 6, 6, 1000000, 8758
atomic_queue, 2048, int32_t, 6, 6, 1000000, 111193
atomic_queue2, 2048, int32_t, 6, 6, 1000000, 98259
boost_queue, 2048, int32_t, 6, 6, 1000000, 263604
xenium_ramalhete_queue, 2048, int32_t, 6, 6, 1000000, 17376
moodycamel_concurrentqueue, 2048, int32_t, 6, 6, 1000000, 62203
lat_circular_queue, 2048, int32_t, 1, 1, 1000000, 6685
lat_blocking_circular_queue, 2048, int32_t, 1, 1, 1000000, 4696
tp_circular_queue, 2048, int32_t, 1, 1, 1000000, 5017
tp_blocking_circular_queue, 2048, int32_t, 1, 1, 1000000, 2608
atomic_queue, 2048, int32_t, 1, 1, 1000000, 35986
atomic_queue2, 2048, int32_t, 1, 1, 1000000, 55781
spsc_atomic_queue, 2048, int32_t, 1, 1, 1000000, 24476
spsc_atomic_queue2, 2048, int32_t, 1, 1, 1000000, 26325
boost_queue, 2048, int32_t, 1, 1, 1000000, 131137
spsc_boost_queue, 2048, int32_t, 1, 1, 1000000, 5930
xenium_ramalhete_queue, 2048, int32_t, 1, 1, 1000000, 21009
moodycamel_concurrentqueue, 2048, int32_t, 1, 1, 1000000, 23289
moodycamel_readerwriterqueue, 2048, int32_t, 1, 1, 1000000, 13576
lat_circular_queue, 2048, int32_t, 1, 2, 1000000, 45759
lat_blocking_circular_queue, 2048, int32_t, 1, 2, 1000000, 26846
tp_circular_queue, 2048, int32_t, 1, 2, 1000000, 13900
tp_blocking_circular_queue, 2048, int32_t, 1, 2, 1000000, 7595
atomic_queue, 2048, int32_t, 1, 2, 1000000, 58827
atomic_queue2, 2048, int32_t, 1, 2, 1000000, 60279
boost_queue, 2048, int32_t, 1, 2, 1000000, 186771
xenium_ramalhete_queue, 2048, int32_t, 1, 2, 1000000, 57809
moodycamel_concurrentqueue, 2048, int32_t, 1, 2, 1000000, 68375
lat_circular_queue, 2048, int32_t, 1, 4, 1000000, 78193
lat_blocking_circular_queue, 2048, int32_t, 1, 4, 1000000, 78838
tp_circular_queue, 2048, int32_t, 1, 4, 1000000, 21846
tp_blocking_circular_queue, 2048, int32_t, 1, 4, 1000000, 21628
atomic_queue, 2048, int32_t, 1, 4, 1000000, 85389
atomic_queue2, 2048, int32_t, 1, 4, 1000000, 84941
boost_queue, 2048, int32_t, 1, 4, 1000000, 253201
xenium_ramalhete_queue, 2048, int32_t, 1, 4, 1000000, 73524
moodycamel_concurrentqueue, 2048, int32_t, 1, 4, 1000000, 77588
lat_circular_queue, 2048, int32_t, 1, 6, 1000000, 108325
lat_blocking_circular_queue, 2048, int32_t, 1, 6, 1000000, 103587
tp_circular_queue, 2048, int32_t, 1, 6, 1000000, 13409
tp_blocking_circular_queue, 2048, int32_t, 1, 6, 1000000, 13818
atomic_queue, 2048, int32_t, 1, 6, 1000000, 119159
atomic_queue2, 2048, int32_t, 1, 6, 1000000, 121388
boost_queue, 2048, int32_t, 1, 6, 1000000, 245684
xenium_ramalhete_queue, 2048, int32_t, 1, 6, 1000000, 90331
moodycamel_concurrentqueue, 2048, int32_t, 1, 6, 1000000, 102948
lat_circular_queue, 2048, int32_t, 2, 1, 1000000, 40444
lat_blocking_circular_queue, 2048, int32_t, 2, 1, 1000000, 24862
tp_circular_queue, 2048, int32_t, 2, 1, 1000000, 3212
tp_blocking_circular_queue, 2048, int32_t, 2, 1, 1000000, 3205
atomic_queue, 2048, int32_t, 2, 1, 1000000, 28260
atomic_queue2, 2048, int32_t, 2, 1, 1000000, 39086
boost_queue, 2048, int32_t, 2, 1, 1000000, 140789
xenium_ramalhete_queue, 2048, int32_t, 2, 1, 1000000, 30965
moodycamel_concurrentqueue, 2048, int32_t, 2, 1, 1000000, 20477
lat_circular_queue, 2048, int32_t, 2, 2, 1000000, 51054
lat_blocking_circular_queue, 2048, int32_t, 2, 2, 1000000, 21912
tp_circular_queue, 2048, int32_t, 2, 2, 1000000, 11696
tp_blocking_circular_queue, 2048, int32_t, 2, 2, 1000000, 8945
atomic_queue, 2048, int32_t, 2, 2, 1000000, 60005
atomic_queue2, 2048, int32_t, 2, 2, 1000000, 71186
boost_queue, 2048, int32_t, 2, 2, 1000000, 187331
xenium_ramalhete_queue, 2048, int32_t, 2, 2, 1000000, 26404
moodycamel_concurrentqueue, 2048, int32_t, 2, 2, 1000000, 74725
lat_circular_queue, 2048, int32_t, 2, 4, 1000000, 74297
lat_blocking_circular_queue, 2048, int32_t, 2, 4, 1000000, 75425
tp_circular_queue, 2048, int32_t, 2, 4, 1000000, 18562
tp_blocking_circular_queue, 2048, int32_t, 2, 4, 1000000, 21641
atomic_queue, 2048, int32_t, 2, 4, 1000000, 79960
atomic_queue2, 2048, int32_t, 2, 4, 1000000, 84355
boost_queue, 2048, int32_t, 2, 4, 1000000, 253067
xenium_ramalhete_queue, 2048, int32_t, 2, 4, 1000000, 46531
moodycamel_concurrentqueue, 2048, int32_t, 2, 4, 1000000, 69089
lat_circular_queue, 2048, int32_t, 2, 6, 1000000, 104927
lat_blocking_circular_queue, 2048, int32_t, 2, 6, 1000000, 100083
tp_circular_queue, 2048, int32_t, 2, 6, 1000000, 14022
tp_blocking_circular_queue, 2048, int32_t, 2, 6, 1000000, 12513
atomic_queue, 2048, int32_t, 2, 6, 1000000, 115230
atomic_queue2, 2048, int32_t, 2, 6, 1000000, 115545
boost_queue, 2048, int32_t, 2, 6, 1000000, 230513
xenium_ramalhete_queue, 2048, int32_t, 2, 6, 1000000, 61907
moodycamel_concurrentqueue, 2048, int32_t, 2, 6, 1000000, 67311
lat_circular_queue, 2048, int32_t, 4, 1, 1000000, 71344
lat_blocking_circular_queue, 2048, int32_t, 4, 1, 1000000, 71737
tp_circular_queue, 2048, int32_t, 4, 1, 1000000, 4784
tp_blocking_circular_queue, 2048, int32_t, 4, 1, 1000000, 5647
atomic_queue, 2048, int32_t, 4, 1, 1000000, 45194
atomic_queue2, 2048, int32_t, 4, 1, 1000000, 117488
boost_queue, 2048, int32_t, 4, 1, 1000000, 214137
xenium_ramalhete_queue, 2048, int32_t, 4, 1, 1000000, 20378
moodycamel_concurrentqueue, 2048, int32_t, 4, 1, 1000000, 14887
lat_circular_queue, 2048, int32_t, 4, 2, 1000000, 74550
lat_blocking_circular_queue, 2048, int32_t, 4, 2, 1000000, 69233
tp_circular_queue, 2048, int32_t, 4, 2, 1000000, 6233
tp_blocking_circular_queue, 2048, int32_t, 4, 2, 1000000, 6057
atomic_queue, 2048, int32_t, 4, 2, 1000000, 52775
atomic_queue2, 2048, int32_t, 4, 2, 1000000, 107457
boost_queue, 2048, int32_t, 4, 2, 1000000, 237967
xenium_ramalhete_queue, 2048, int32_t, 4, 2, 1000000, 22949
moodycamel_concurrentqueue, 2048, int32_t, 4, 2, 1000000, 64521
lat_circular_queue, 2048, int32_t, 4, 4, 1000000, 69598
lat_blocking_circular_queue, 2048, int32_t, 4, 4, 1000000, 59888
tp_circular_queue, 2048, int32_t, 4, 4, 1000000, 6350
tp_blocking_circular_queue, 2048, int32_t, 4, 4, 1000000, 6522
atomic_queue, 2048, int32_t, 4, 4, 1000000, 70220
atomic_queue2, 2048, int32_t, 4, 4, 1000000, 85248
boost_queue, 2048, int32_t, 4, 4, 1000000, 225758
xenium_ramalhete_queue, 2048, int32_t, 4, 4, 1000000, 23833
moodycamel_concurrentqueue, 2048, int32_t, 4, 4, 1000000, 62047
lat_circular_queue, 2048, int32_t, 4, 6, 1000000, 101689
lat_blocking_circular_queue, 2048, int32_t, 4, 6, 1000000, 85265
tp_circular_queue, 2048, int32_t, 4, 6, 1000000, 12218
tp_blocking_circular_queue, 2048, int32_t, 4, 6, 1000000, 11798
atomic_queue, 2048, int32_t, 4, 6, 1000000, 114793
atomic_queue2, 2048, int32_t, 4, 6, 1000000, 105992
boost_queue, 2048, int32_t, 4, 6, 1000000, 236851
xenium_ramalhete_queue, 2048, int32_t, 4, 6, 1000000, 17647
moodycamel_concurrentqueue, 2048, int32_t, 4, 6, 1000000, 61814
lat_circular_queue, 2048, int32_t, 6, 1, 1000000, 91167
lat_blocking_circular_queue, 2048, int32_t, 6, 1, 1000000, 85933
tp_circular_queue, 2048, int32_t, 6, 1, 1000000, 6100
tp_blocking_circular_queue, 2048, int32_t, 6, 1, 1000000, 5977
atomic_queue, 2048, int32_t, 6, 1, 1000000, 44707
atomic_queue2, 2048, int32_t, 6, 1, 1000000, 145814
boost_queue, 2048, int32_t, 6, 1, 1000000, 220476
xenium_ramalhete_queue, 2048, int32_t, 6, 1, 1000000, 17207
moodycamel_concurrentqueue, 2048, int32_t, 6, 1, 1000000, 13873
lat_circular_queue, 2048, int32_t, 6, 2, 1000000, 94520
lat_blocking_circular_queue, 2048, int32_t, 6, 2, 1000000, 79575
tp_circular_queue, 2048, int32_t, 6, 2, 1000000, 8582
tp_blocking_circular_queue, 2048, int32_t, 6, 2, 1000000, 7975
atomic_queue, 2048, int32_t, 6, 2, 1000000, 51093
atomic_queue2, 2048, int32_t, 6, 2, 1000000, 118173
boost_queue, 2048, int32_t, 6, 2, 1000000, 249378
xenium_ramalhete_queue, 2048, int32_t, 6, 2, 1000000, 18727
moodycamel_concurrentqueue, 2048, int32_t, 6, 2, 1000000, 59972
lat_circular_queue, 2048, int32_t, 6, 4, 1000000, 88295
lat_blocking_circular_queue, 2048, int32_t, 6, 4, 1000000, 78331
tp_circular_queue, 2048, int32_t, 6, 4, 1000000, 11366
tp_blocking_circular_queue, 2048, int32_t, 6, 4, 1000000, 11199
atomic_queue, 2048, int32_t, 6, 4, 1000000, 72870
atomic_queue2, 2048, int32_t, 6, 4, 1000000, 86781
boost_queue, 2048, int32_t, 6, 4, 1000000, 232258
xenium_ramalhete_queue, 2048, int32_t, 6, 4, 1000000, 17296
moodycamel_concurrentqueue, 2048, int32_t, 6, 4, 1000000, 62151
lat_circular_queue, 2048, int32_t, 6, 6, 1000000, 98446
lat_blocking_circular_queue, 2048, int32_t, 6, 6, 1000000, 85536
tp_circular_queue, 2048, int32_t, 6, 6, 1000000, 9263
tp_blocking_circular_queue, 2048, int32_t, 6, 6, 1000000, 9865
atomic_queue, 2048, int32_t, 6, 6, 1000000, 99863
atomic_queue2, 2048, int32_t, 6, 6, 1000000, 106795
boost_queue, 2048, int32_t, 6, 6, 1000000, 263983
xenium_ramalhete_queue, 2048, int32_t, 6, 6, 1000000, 17380
moodycamel_concurrentqueue, 2048, int32_t, 6, 6, 1000000, 62821
lat_circular_queue, 2048, int32_t, 1, 1, 1000000, 6260
lat_blocking_circular_queue, 2048, int32_t, 1, 1, 1000000, 4960
tp_circular_queue, 2048, int32_t, 1, 1, 1000000, 5394
tp_blocking_circular_queue, 2048, int32_t, 1, 1, 1000000, 10363
atomic_queue, 2048, int32_t, 1, 1, 1000000, 36203
atomic_queue2, 2048, int32_t, 1, 1, 1000000, 55377
spsc_atomic_queue, 2048, int32_t, 1, 1, 1000000, 26403
spsc_atomic_queue2, 2048, int32_t, 1, 1, 1000000, 24312
boost_queue, 2048, int32_t, 1, 1, 1000000, 129843
spsc_boost_queue, 2048, int32_t, 1, 1, 1000000, 6764
xenium_ramalhete_queue, 2048, int32_t, 1, 1, 1000000, 44706
moodycamel_concurrentqueue, 2048, int32_t, 1, 1, 1000000, 29296
moodycamel_readerwriterqueue, 2048, int32_t, 1, 1, 1000000, 15936
lat_circular_queue, 2048, int32_t, 1, 2, 1000000, 45524
lat_blocking_circular_queue, 2048, int32_t, 1, 2, 1000000, 23261
tp_circular_queue, 2048, int32_t, 1, 2, 1000000, 20540
tp_blocking_circular_queue, 2048, int32_t, 1, 2, 1000000, 16448
atomic_queue, 2048, int32_t, 1, 2, 1000000, 52766
atomic_queue2, 2048, int32_t, 1, 2, 1000000, 59784
boost_queue, 2048, int32_t, 1, 2, 1000000, 204895
xenium_ramalhete_queue, 2048, int32_t, 1, 2, 1000000, 44788
moodycamel_concurrentqueue, 2048, int32_t, 1, 2, 1000000, 74028
lat_circular_queue, 2048, int32_t, 1, 4, 1000000, 81647
lat_blocking_circular_queue, 2048, int32_t, 1, 4, 1000000, 70537
tp_circular_queue, 2048, int32_t, 1, 4, 1000000, 20638
tp_blocking_circular_queue, 2048, int32_t, 1, 4, 1000000, 20275
atomic_queue, 2048, int32_t, 1, 4, 1000000, 82664
atomic_queue2, 2048, int32_t, 1, 4, 1000000, 81040
boost_queue, 2048, int32_t, 1, 4, 1000000, 247833
xenium_ramalhete_queue, 2048, int32_t, 1, 4, 1000000, 76324
moodycamel_concurrentqueue, 2048, int32_t, 1, 4, 1000000, 73470
lat_circular_queue, 2048, int32_t, 1, 6, 1000000, 107003
lat_blocking_circular_queue, 2048, int32_t, 1, 6, 1000000, 103845
tp_circular_queue, 2048, int32_t, 1, 6, 1000000, 13721
tp_blocking_circular_queue, 2048, int32_t, 1, 6, 1000000, 12844
atomic_queue, 2048, int32_t, 1, 6, 1000000, 119345
atomic_queue2, 2048, int32_t, 1, 6, 1000000, 121424
boost_queue, 2048, int32_t, 1, 6, 1000000, 224398
xenium_ramalhete_queue, 2048, int32_t, 1, 6, 1000000, 92927
moodycamel_concurrentqueue, 2048, int32_t, 1, 6, 1000000, 100587
lat_circular_queue, 2048, int32_t, 2, 1, 1000000, 41125
lat_blocking_circular_queue, 2048, int32_t, 2, 1, 1000000, 22873
tp_circular_queue, 2048, int32_t, 2, 1, 1000000, 4411
tp_blocking_circular_queue, 2048, int32_t, 2, 1, 1000000, 3632
atomic_queue, 2048, int32_t, 2, 1, 1000000, 35186
atomic_queue2, 2048, int32_t, 2, 1, 1000000, 35324
boost_queue, 2048, int32_t, 2, 1, 1000000, 139154
xenium_ramalhete_queue, 2048, int32_t, 2, 1, 1000000, 29361
moodycamel_concurrentqueue, 2048, int32_t, 2, 1, 1000000, 21866
lat_circular_queue, 2048, int32_t, 2, 2, 1000000, 48555
lat_blocking_circular_queue, 2048, int32_t, 2, 2, 1000000, 20770
tp_circular_queue, 2048, int32_t, 2, 2, 1000000, 3760
tp_blocking_circular_queue, 2048, int32_t, 2, 2, 1000000, 11684
atomic_queue, 2048, int32_t, 2, 2, 1000000, 57574
atomic_queue2, 2048, int32_t, 2, 2, 1000000, 72209
boost_queue, 2048, int32_t, 2, 2, 1000000, 184670
xenium_ramalhete_queue, 2048, int32_t, 2, 2, 1000000, 28135
moodycamel_concurrentqueue, 2048, int32_t, 2, 2, 1000000, 67010
lat_circular_queue, 2048, int32_t, 2, 4, 1000000, 78872
lat_blocking_circular_queue, 2048, int32_t, 2, 4, 1000000, 74818
tp_circular_queue, 2048, int32_t, 2, 4, 1000000, 21829
tp_blocking_circular_queue, 2048, int32_t, 2, 4, 1000000, 21640
atomic_queue, 2048, int32_t, 2, 4, 1000000, 86616
atomic_queue2, 2048, int32_t, 2, 4, 1000000, 84030
boost_queue, 2048, int32_t, 2, 4, 1000000, 246621
xenium_ramalhete_queue, 2048, int32_t, 2, 4, 1000000, 46600
moodycamel_concurrentqueue, 2048, int32_t, 2, 4, 1000000, 73065
lat_circular_queue, 2048, int32_t, 2, 6, 1000000, 105324
lat_blocking_circular_queue, 2048, int32_t, 2, 6, 1000000, 98404
tp_circular_queue, 2048, int32_t, 2, 6, 1000000, 14620
tp_blocking_circular_queue, 2048, int32_t, 2, 6, 1000000, 11435
atomic_queue, 2048, int32_t, 2, 6, 1000000, 111701
atomic_queue2, 2048, int32_t, 2, 6, 1000000, 116617
boost_queue, 2048, int32_t, 2, 6, 1000000, 246259
xenium_ramalhete_queue, 2048, int32_t, 2, 6, 1000000, 56157
moodycamel_concurrentqueue, 2048, int32_t, 2, 6, 1000000, 68088
lat_circular_queue, 2048, int32_t, 4, 1, 1000000, 72663
lat_blocking_circular_queue, 2048, int32_t, 4, 1, 1000000, 72437
tp_circular_queue, 2048, int32_t, 4, 1, 1000000, 4921
tp_blocking_circular_queue, 2048, int32_t, 4, 1, 1000000, 4347
atomic_queue, 2048, int32_t, 4, 1, 1000000, 44710
atomic_queue2, 2048, int32_t, 4, 1, 1000000, 123255
boost_queue, 2048, int32_t, 4, 1, 1000000, 224373
xenium_ramalhete_queue, 2048, int32_t, 4, 1, 1000000, 20470
moodycamel_concurrentqueue, 2048, int32_t, 4, 1, 1000000, 16462
lat_circular_queue, 2048, int32_t, 4, 2, 1000000, 76229
lat_blocking_circular_queue, 2048, int32_t, 4, 2, 1000000, 70791
tp_circular_queue, 2048, int32_t, 4, 2, 1000000, 6076
tp_blocking_circular_queue, 2048, int32_t, 4, 2, 1000000, 6084
atomic_queue, 2048, int32_t, 4, 2, 1000000, 58047
atomic_queue2, 2048, int32_t, 4, 2, 1000000, 107505
boost_queue, 2048, int32_t, 4, 2, 1000000, 246182
xenium_ramalhete_queue, 2048, int32_t, 4, 2, 1000000, 23140
moodycamel_concurrentqueue, 2048, int32_t, 4, 2, 1000000, 62060
lat_circular_queue, 2048, int32_t, 4, 4, 1000000, 69721
lat_blocking_circular_queue, 2048, int32_t, 4, 4, 1000000, 59480
tp_circular_queue, 2048, int32_t, 4, 4, 1000000, 7073
tp_blocking_circular_queue, 2048, int32_t, 4, 4, 1000000, 7282
atomic_queue, 2048, int32_t, 4, 4, 1000000, 73726
atomic_queue2, 2048, int32_t, 4, 4, 1000000, 85365
boost_queue, 2048, int32_t, 4, 4, 1000000, 223610
xenium_ramalhete_queue, 2048, int32_t, 4, 4, 1000000, 23132
moodycamel_concurrentqueue, 2048, int32_t, 4, 4, 1000000, 64505
lat_circular_queue, 2048, int32_t, 4, 6, 1000000, 102376
lat_blocking_circular_queue, 2048, int32_t, 4, 6, 1000000, 92342
tp_circular_queue, 2048, int32_t, 4, 6, 1000000, 12524
tp_blocking_circular_queue, 2048, int32_t, 4, 6, 1000000, 11819
atomic_queue, 2048, int32_t, 4, 6, 1000000, 114946
atomic_queue2, 2048, int32_t, 4, 6, 1000000, 109613
boost_queue, 2048, int32_t, 4, 6, 1000000, 234094
xenium_ramalhete_queue, 2048, int32_t, 4, 6, 1000000, 17856
moodycamel_concurrentqueue, 2048, int32_t, 4, 6, 1000000, 61241
lat_circular_queue, 2048, int32_t, 6, 1, 1000000, 91185
lat_blocking_circular_queue, 2048, int32_t, 6, 1, 1000000, 84320
tp_circular_queue, 2048, int32_t, 6, 1, 1000000, 6410
tp_blocking_circular_queue, 2048, int32_t, 6, 1, 1000000, 5893
atomic_queue, 2048, int32_t, 6, 1, 1000000, 46116
atomic_queue2, 2048, int32_t, 6, 1, 1000000, 146063
boost_queue, 2048, int32_t, 6, 1, 1000000, 219356
xenium_ramalhete_queue, 2048, int32_t, 6, 1, 1000000, 17630
moodycamel_concurrentqueue, 2048, int32_t, 6, 1, 1000000, 17587
lat_circular_queue, 2048, int32_t, 6, 2, 1000000, 90352
lat_blocking_circular_queue, 2048, int32_t, 6, 2, 1000000, 80606
tp_circular_queue, 2048, int32_t, 6, 2, 1000000, 9099
tp_blocking_circular_queue, 2048, int32_t, 6, 2, 1000000, 8132
atomic_queue, 2048, int32_t, 6, 2, 1000000, 50455
atomic_queue2, 2048, int32_t, 6, 2, 1000000, 118067
boost_queue, 2048, int32_t, 6, 2, 1000000, 253647
xenium_ramalhete_queue, 2048, int32_t, 6, 2, 1000000, 18784
moodycamel_concurrentqueue, 2048, int32_t, 6, 2, 1000000, 59596
lat_circular_queue, 2048, int32_t, 6, 4, 1000000, 88073
lat_blocking_circular_queue, 2048, int32_t, 6, 4, 1000000, 83140
tp_circular_queue, 2048, int32_t, 6, 4, 1000000, 11763
tp_blocking_circular_queue, 2048, int32_t, 6, 4, 1000000, 12112
atomic_queue, 2048, int32_t, 6, 4, 1000000, 72484
atomic_queue2, 2048, int32_t, 6, 4, 1000000, 86026
boost_queue, 2048, int32_t, 6, 4, 1000000, 232534
xenium_ramalhete_queue, 2048, int32_t, 6, 4, 1000000, 17520
moodycamel_concurrentqueue, 2048, int32_t, 6, 4, 1000000, 60708
lat_circular_queue, 2048, int32_t, 6, 6, 1000000, 97702
lat_blocking_circular_queue, 2048, int32_t, 6, 6, 1000000, 85714
tp_circular_queue, 2048, int32_t, 6, 6, 1000000, 10494
tp_blocking_circular_queue, 2048, int32_t, 6, 6, 1000000, 9157
atomic_queue, 2048, int32_t, 6, 6, 1000000, 111749
atomic_queue2, 2048, int32_t, 6, 6, 1000000, 106638
boost_queue, 2048, int32_t, 6, 6, 1000000, 263813
xenium_ramalhete_queue, 2048, int32_t, 6, 6, 1000000, 17446
moodycamel_concurrentqueue, 2048, int32_t, 6, 6, 1000000, 62514
lat_circular_queue, 2048, int32_t, 1, 1, 1000000, 6504
lat_blocking_circular_queue, 2048, int32_t, 1, 1, 1000000, 4044
tp_circular_queue, 2048, int32_t, 1, 1, 1000000, 4033
tp_blocking_circular_queue, 2048, int32_t, 1, 1, 1000000, 2769
atomic_queue, 2048, int32_t, 1, 1, 1000000, 35321
atomic_queue2, 2048, int32_t, 1, 1, 1000000, 55573
spsc_atomic_queue, 2048, int32_t, 1, 1, 1000000, 23605
spsc_atomic_queue2, 2048, int32_t, 1, 1, 1000000, 23581
boost_queue, 2048, int32_t, 1, 1, 1000000, 127429
spsc_boost_queue, 2048, int32_t, 1, 1, 1000000, 6775
xenium_ramalhete_queue, 2048, int32_t, 1, 1, 1000000, 23674
moodycamel_concurrentqueue, 2048, int32_t, 1, 1, 1000000, 23102
moodycamel_readerwriterqueue, 2048, int32_t, 1, 1, 1000000, 14584
lat_circular_queue, 2048, int32_t, 1, 2, 1000000, 45675
lat_blocking_circular_queue, 2048, int32_t, 1, 2, 1000000, 25288
tp_circular_queue, 2048, int32_t, 1, 2, 1000000, 8429
tp_blocking_circular_queue, 2048, int32_t, 1, 2, 1000000, 6347
atomic_queue, 2048, int32_t, 1, 2, 1000000, 49588
atomic_queue2, 2048, int32_t, 1, 2, 1000000, 56615
boost_queue, 2048, int32_t, 1, 2, 1000000, 204320
xenium_ramalhete_queue, 2048, int32_t, 1, 2, 1000000, 23859
moodycamel_concurrentqueue, 2048, int32_t, 1, 2, 1000000, 65261
lat_circular_queue, 2048, int32_t, 1, 4, 1000000, 78885
lat_blocking_circular_queue, 2048, int32_t, 1, 4, 1000000, 73446
tp_circular_queue, 2048, int32_t, 1, 4, 1000000, 21941
tp_blocking_circular_queue, 2048, int32_t, 1, 4, 1000000, 20049
atomic_queue, 2048, int32_t, 1, 4, 1000000, 86778
atomic_queue2, 2048, int32_t, 1, 4, 1000000, 73452
boost_queue, 2048, int32_t, 1, 4, 1000000, 248194
xenium_ramalhete_queue, 2048, int32_t, 1, 4, 1000000, 73167
moodycamel_concurrentqueue, 2048, int32_t, 1, 4, 1000000, 73821
lat_circular_queue, 2048, int32_t, 1, 6, 1000000, 107650
lat_blocking_circular_queue, 2048, int32_t, 1, 6, 1000000, 102416
tp_circular_queue, 2048, int32_t, 1, 6, 1000000, 13512
tp_blocking_circular_queue, 2048, int32_t, 1, 6, 1000000, 13532
atomic_queue, 2048, int32_t, 1, 6, 1000000, 121148
atomic_queue2, 2048, int32_t, 1, 6, 1000000, 121054
boost_queue, 2048, int32_t, 1, 6, 1000000, 220633
xenium_ramalhete_queue, 2048, int32_t, 1, 6, 1000000, 91614
moodycamel_concurrentqueue, 2048, int32_t, 1, 6, 1000000, 104456
lat_circular_queue, 2048, int32_t, 2, 1, 1000000, 42023
lat_blocking_circular_queue, 2048, int32_t, 2, 1, 1000000, 23580
tp_circular_queue, 2048, int32_t, 2, 1, 1000000, 3214
tp_blocking_circular_queue, 2048, int32_t, 2, 1, 1000000, 3836
atomic_queue, 2048, int32_t, 2, 1, 1000000, 35279
atomic_queue2, 2048, int32_t, 2, 1, 1000000, 41651
boost_queue, 2048, int32_t, 2, 1, 1000000, 136270
xenium_ramalhete_queue, 2048, int32_t, 2, 1, 1000000, 30501
moodycamel_concurrentqueue, 2048, int32_t, 2, 1, 1000000, 25807
lat_circular_queue, 2048, int32_t, 2, 2, 1000000, 45899
lat_blocking_circular_queue, 2048, int32_t, 2, 2, 1000000, 24115
tp_circular_queue, 2048, int32_t, 2, 2, 1000000, 4377
tp_blocking_circular_queue, 2048, int32_t, 2, 2, 1000000, 19133
atomic_queue, 2048, int32_t, 2, 2, 1000000, 58554
atomic_queue2, 2048, int32_t, 2, 2, 1000000, 73286
boost_queue, 2048, int32_t, 2, 2, 1000000, 181348
xenium_ramalhete_queue, 2048, int32_t, 2, 2, 1000000, 30730
moodycamel_concurrentqueue, 2048, int32_t, 2, 2, 1000000, 80118
lat_circular_queue, 2048, int32_t, 2, 4, 1000000, 76718
lat_blocking_circular_queue, 2048, int32_t, 2, 4, 1000000, 74194
tp_circular_queue, 2048, int32_t, 2, 4, 1000000, 17981
tp_blocking_circular_queue, 2048, int32_t, 2, 4, 1000000, 16030
atomic_queue, 2048, int32_t, 2, 4, 1000000, 78686
atomic_queue2, 2048, int32_t, 2, 4, 1000000, 83429
boost_queue, 2048, int32_t, 2, 4, 1000000, 256058
xenium_ramalhete_queue, 2048, int32_t, 2, 4, 1000000, 47097
moodycamel_concurrentqueue, 2048, int32_t, 2, 4, 1000000, 73841
lat_circular_queue, 2048, int32_t, 2, 6, 1000000, 107413
lat_blocking_circular_queue, 2048, int32_t, 2, 6, 1000000, 101174
tp_circular_queue, 2048, int32_t, 2, 6, 1000000, 14922
tp_blocking_circular_queue, 2048, int32_t, 2, 6, 1000000, 13996
atomic_queue, 2048, int32_t, 2, 6, 1000000, 115858
atomic_queue2, 2048, int32_t, 2, 6, 1000000, 116603
boost_queue, 2048, int32_t, 2, 6, 1000000, 227181
xenium_ramalhete_queue, 2048, int32_t, 2, 6, 1000000, 55391
moodycamel_concurrentqueue, 2048, int32_t, 2, 6, 1000000, 69729
lat_circular_queue, 2048, int32_t, 4, 1, 1000000, 71925
lat_blocking_circular_queue, 2048, int32_t, 4, 1, 1000000, 69689
tp_circular_queue, 2048, int32_t, 4, 1, 1000000, 4713
tp_blocking_circular_queue, 2048, int32_t, 4, 1, 1000000, 4679
atomic_queue, 2048, int32_t, 4, 1, 1000000, 46051
atomic_queue2, 2048, int32_t, 4, 1, 1000000, 119644
boost_queue, 2048, int32_t, 4, 1, 1000000, 212926
xenium_ramalhete_queue, 2048, int32_t, 4, 1, 1000000, 19820
moodycamel_concurrentqueue, 2048, int32_t, 4, 1, 1000000, 17926
lat_circular_queue, 2048, int32_t, 4, 2, 1000000, 73723
lat_blocking_circular_queue, 2048, int32_t, 4, 2, 1000000, 70583
tp_circular_queue, 2048, int32_t, 4, 2, 1000000, 6165
tp_blocking_circular_queue, 2048, int32_t, 4, 2, 1000000, 5567
atomic_queue, 2048, int32_t, 4, 2, 1000000, 52879
atomic_queue2, 2048, int32_t, 4, 2, 1000000, 106694
boost_queue, 2048, int32_t, 4, 2, 1000000, 246414
xenium_ramalhete_queue, 2048, int32_t, 4, 2, 1000000, 23640
moodycamel_concurrentqueue, 2048, int32_t, 4, 2, 1000000, 62978
lat_circular_queue, 2048, int32_t, 4, 4, 1000000, 74339
lat_blocking_circular_queue, 2048, int32_t, 4, 4, 1000000, 63389
tp_circular_queue, 2048, int32_t, 4, 4, 1000000, 6440
tp_blocking_circular_queue, 2048, int32_t, 4, 4, 1000000, 6456
atomic_queue, 2048, int32_t, 4, 4, 1000000, 76691
atomic_queue2, 2048, int32_t, 4, 4, 1000000, 88814
boost_queue, 2048, int32_t, 4, 4, 1000000, 228075
xenium_ramalhete_queue, 2048, int32_t, 4, 4, 1000000, 18796
moodycamel_concurrentqueue, 2048, int32_t, 4, 4, 1000000, 63511
lat_circular_queue, 2048, int32_t, 4, 6, 1000000, 102189
lat_blocking_circular_queue, 2048, int32_t, 4, 6, 1000000, 92372
tp_circular_queue, 2048, int32_t, 4, 6, 1000000, 12476
tp_blocking_circular_queue, 2048, int32_t, 4, 6, 1000000, 11782
atomic_queue, 2048, int32_t, 4, 6, 1000000, 115431
atomic_queue2, 2048, int32_t, 4, 6, 1000000, 109963
boost_queue, 2048, int32_t, 4, 6, 1000000, 232262
xenium_ramalhete_queue, 2048, int32_t, 4, 6, 1000000, 19630
moodycamel_concurrentqueue, 2048, int32_t, 4, 6, 1000000, 61871
lat_circular_queue, 2048, int32_t, 6, 1, 1000000, 97903
lat_blocking_circular_queue, 2048, int32_t, 6, 1, 1000000, 86138
tp_circular_queue, 2048, int32_t, 6, 1, 1000000, 6483
tp_blocking_circular_queue, 2048, int32_t, 6, 1, 1000000, 5986
atomic_queue, 2048, int32_t, 6, 1, 1000000, 45833
atomic_queue2, 2048, int32_t, 6, 1, 1000000, 146203
boost_queue, 2048, int32_t, 6, 1, 1000000, 218262
xenium_ramalhete_queue, 2048, int32_t, 6, 1, 1000000, 16915
moodycamel_concurrentqueue, 2048, int32_t, 6, 1, 1000000, 12861
lat_circular_queue, 2048, int32_t, 6, 2, 1000000, 98018
lat_blocking_circular_queue, 2048, int32_t, 6, 2, 1000000, 83894
tp_circular_queue, 2048, int32_t, 6, 2, 1000000, 8030
tp_blocking_circular_queue, 2048, int32_t, 6, 2, 1000000, 8247
atomic_queue, 2048, int32_t, 6, 2, 1000000, 49595
atomic_queue2, 2048, int32_t, 6, 2, 1000000, 111450
boost_queue, 2048, int32_t, 6, 2, 1000000, 254772
xenium_ramalhete_queue, 2048, int32_t, 6, 2, 1000000, 18688
moodycamel_concurrentqueue, 2048, int32_t, 6, 2, 1000000, 58252
lat_circular_queue, 2048, int32_t, 6, 4, 1000000, 93324
lat_blocking_circular_queue, 2048, int32_t, 6, 4, 1000000, 83364
tp_circular_queue, 2048, int32_t, 6, 4, 1000000, 11608
tp_blocking_circular_queue, 2048, int32_t, 6, 4, 1000000, 11641
atomic_queue, 2048, int32_t, 6, 4, 1000000, 72708
atomic_queue2, 2048, int32_t, 6, 4, 1000000, 86679
boost_queue, 2048, int32_t, 6, 4, 1000000, 241556
xenium_ramalhete_queue, 2048, int32_t, 6, 4, 1000000, 17556
moodycamel_concurrentqueue, 2048, int32_t, 6, 4, 1000000, 61456
lat_circular_queue, 2048, int32_t, 6, 6, 1000000, 99826
lat_blocking_circular_queue, 2048, int32_t, 6, 6, 1000000, 85482
tp_circular_queue, 2048, int32_t, 6, 6, 1000000, 9974
tp_blocking_circular_queue, 2048, int32_t, 6, 6, 1000000, 9622
atomic_queue, 2048, int32_t, 6, 6, 1000000, 111879
atomic_queue2, 2048, int32_t, 6, 6, 1000000, 106822
boost_queue, 2048, int32_t, 6, 6, 1000000, 261294
xenium_ramalhete_queue, 2048, int32_t, 6, 6, 1000000, 17353
moodycamel_concurrentqueue, 2048, int32_t, 6, 6, 1000000, 62110
lat_circular_queue, 2048, int32_t, 1, 1, 1000000, 6145
lat_blocking_circular_queue, 2048, int32_t, 1, 1, 1000000, 4361
tp_circular_queue, 2048, int32_t, 1, 1, 1000000, 3382
tp_blocking_circular_queue, 2048, int32_t, 1, 1, 1000000, 3025
atomic_queue, 2048, int32_t, 1, 1, 1000000, 35660
atomic_queue2, 2048, int32_t, 1, 1, 1000000, 54286
spsc_atomic_queue, 2048, int32_t, 1, 1, 1000000, 22819
spsc_atomic_queue2, 2048, int32_t, 1, 1, 1000000, 24262
boost_queue, 2048, int32_t, 1, 1, 1000000, 130754
spsc_boost_queue, 2048, int32_t, 1, 1, 1000000, 7230
xenium_ramalhete_queue, 2048, int32_t, 1, 1, 1000000, 49784
moodycamel_concurrentqueue, 2048, int32_t, 1, 1, 1000000, 22482
moodycamel_readerwriterqueue, 2048, int32_t, 1, 1, 1000000, 13932
lat_circular_queue, 2048, int32_t, 1, 2, 1000000, 46333
lat_blocking_circular_queue, 2048, int32_t, 1, 2, 1000000, 28427
tp_circular_queue, 2048, int32_t, 1, 2, 1000000, 5504
tp_blocking_circular_queue, 2048, int32_t, 1, 2, 1000000, 6363
atomic_queue, 2048, int32_t, 1, 2, 1000000, 52855
atomic_queue2, 2048, int32_t, 1, 2, 1000000, 59636
boost_queue, 2048, int32_t, 1, 2, 1000000, 187687
xenium_ramalhete_queue, 2048, int32_t, 1, 2, 1000000, 58036
moodycamel_concurrentqueue, 2048, int32_t, 1, 2, 1000000, 66592
lat_circular_queue, 2048, int32_t, 1, 4, 1000000, 78674
lat_blocking_circular_queue, 2048, int32_t, 1, 4, 1000000, 78987
tp_circular_queue, 2048, int32_t, 1, 4, 1000000, 21068
tp_blocking_circular_queue, 2048, int32_t, 1, 4, 1000000, 20685
atomic_queue, 2048, int32_t, 1, 4, 1000000, 82872
atomic_queue2, 2048, int32_t, 1, 4, 1000000, 82345
boost_queue, 2048, int32_t, 1, 4, 1000000, 251207
xenium_ramalhete_queue, 2048, int32_t, 1, 4, 1000000, 74449
moodycamel_concurrentqueue, 2048, int32_t, 1, 4, 1000000, 73236
lat_circular_queue, 2048, int32_t, 1, 6, 1000000, 107199
lat_blocking_circular_queue, 2048, int32_t, 1, 6, 1000000, 102719
tp_circular_queue, 2048, int32_t, 1, 6, 1000000, 13800
tp_blocking_circular_queue, 2048, int32_t, 1, 6, 1000000, 13120
atomic_queue, 2048, int32_t, 1, 6, 1000000, 119346
atomic_queue2, 2048, int32_t, 1, 6, 1000000, 121296
boost_queue, 2048, int32_t, 1, 6, 1000000, 233769
xenium_ramalhete_queue, 2048, int32_t, 1, 6, 1000000, 93660
moodycamel_concurrentqueue, 2048, int32_t, 1, 6, 1000000, 111599
lat_circular_queue, 2048, int32_t, 2, 1, 1000000, 42351
lat_blocking_circular_queue, 2048, int32_t, 2, 1, 1000000, 22019
tp_circular_queue, 2048, int32_t, 2, 1, 1000000, 3104
tp_blocking_circular_queue, 2048, int32_t, 2, 1, 1000000, 3802
atomic_queue, 2048, int32_t, 2, 1, 1000000, 30828
atomic_queue2, 2048, int32_t, 2, 1, 1000000, 45520
boost_queue, 2048, int32_t, 2, 1, 1000000, 136558
xenium_ramalhete_queue, 2048, int32_t, 2, 1, 1000000, 29437
moodycamel_concurrentqueue, 2048, int32_t, 2, 1, 1000000, 20953
lat_circular_queue, 2048, int32_t, 2, 2, 1000000, 46888
lat_blocking_circular_queue, 2048, int32_t, 2, 2, 1000000, 20555
tp_circular_queue, 2048, int32_t, 2, 2, 1000000, 7667
tp_blocking_circular_queue, 2048, int32_t, 2, 2, 1000000, 17428
atomic_queue, 2048, int32_t, 2, 2, 1000000, 56828
atomic_queue2, 2048, int32_t, 2, 2, 1000000, 73723
boost_queue, 2048, int32_t, 2, 2, 1000000, 179678
xenium_ramalhete_queue, 2048, int32_t, 2, 2, 1000000, 25791
moodycamel_concurrentqueue, 2048, int32_t, 2, 2, 1000000, 65700
lat_circular_queue, 2048, int32_t, 2, 4, 1000000, 73905
lat_blocking_circular_queue, 2048, int32_t, 2, 4, 1000000, 69060
tp_circular_queue, 2048, int32_t, 2, 4, 1000000, 17109
tp_blocking_circular_queue, 2048, int32_t, 2, 4, 1000000, 19057
atomic_queue, 2048, int32_t, 2, 4, 1000000, 83622
atomic_queue2, 2048, int32_t, 2, 4, 1000000, 81328
boost_queue, 2048, int32_t, 2, 4, 1000000, 255277
xenium_ramalhete_queue, 2048, int32_t, 2, 4, 1000000, 47317
moodycamel_concurrentqueue, 2048, int32_t, 2, 4, 1000000, 70542
lat_circular_queue, 2048, int32_t, 2, 6, 1000000, 106726
lat_blocking_circular_queue, 2048, int32_t, 2, 6, 1000000, 99612
tp_circular_queue, 2048, int32_t, 2, 6, 1000000, 14416
tp_blocking_circular_queue, 2048, int32_t, 2, 6, 1000000, 14085
atomic_queue, 2048, int32_t, 2, 6, 1000000, 115192
atomic_queue2, 2048, int32_t, 2, 6, 1000000, 116214
boost_queue, 2048, int32_t, 2, 6, 1000000, 224989
xenium_ramalhete_queue, 2048, int32_t, 2, 6, 1000000, 55729
moodycamel_concurrentqueue, 2048, int32_t, 2, 6, 1000000, 67696
lat_circular_queue, 2048, int32_t, 4, 1, 1000000, 75675
lat_blocking_circular_queue, 2048, int32_t, 4, 1, 1000000, 69799
tp_circular_queue, 2048, int32_t, 4, 1, 1000000, 4568
tp_blocking_circular_queue, 2048, int32_t, 4, 1, 1000000, 4647
atomic_queue, 2048, int32_t, 4, 1, 1000000, 45412
atomic_queue2, 2048, int32_t, 4, 1, 1000000, 115815
boost_queue, 2048, int32_t, 4, 1, 1000000, 212963
xenium_ramalhete_queue, 2048, int32_t, 4, 1, 1000000, 19889
moodycamel_concurrentqueue, 2048, int32_t, 4, 1, 1000000, 15041
lat_circular_queue, 2048, int32_t, 4, 2, 1000000, 74557
lat_blocking_circular_queue, 2048, int32_t, 4, 2, 1000000, 71667
tp_circular_queue, 2048, int32_t, 4, 2, 1000000, 5654
tp_blocking_circular_queue, 2048, int32_t, 4, 2, 1000000, 5724
atomic_queue, 2048, int32_t, 4, 2, 1000000, 53739
atomic_queue2, 2048, int32_t, 4, 2, 1000000, 104324
boost_queue, 2048, int32_t, 4, 2, 1000000, 210450
xenium_ramalhete_queue, 2048, int32_t, 4, 2, 1000000, 20153
moodycamel_concurrentqueue, 2048, int32_t, 4, 2, 1000000, 63135
lat_circular_queue, 2048, int32_t, 4, 4, 1000000, 70911
lat_blocking_circular_queue, 2048, int32_t, 4, 4, 1000000, 60246
tp_circular_queue, 2048, int32_t, 4, 4, 1000000, 6212
tp_blocking_circular_queue, 2048, int32_t, 4, 4, 1000000, 4683
atomic_queue, 2048, int32_t, 4, 4, 1000000, 70658
atomic_queue2, 2048, int32_t, 4, 4, 1000000, 85877
boost_queue, 2048, int32_t, 4, 4, 1000000, 225615
xenium_ramalhete_queue, 2048, int32_t, 4, 4, 1000000, 25635
moodycamel_concurrentqueue, 2048, int32_t, 4, 4, 1000000, 62110
lat_circular_queue, 2048, int32_t, 4, 6, 1000000, 101750
lat_blocking_circular_queue, 2048, int32_t, 4, 6, 1000000, 91608
tp_circular_queue, 2048, int32_t, 4, 6, 1000000, 14294
tp_blocking_circular_queue, 2048, int32_t, 4, 6, 1000000, 13944
atomic_queue, 2048, int32_t, 4, 6, 1000000, 114768
atomic_queue2, 2048, int32_t, 4, 6, 1000000, 109919
boost_queue, 2048, int32_t, 4, 6, 1000000, 234290
xenium_ramalhete_queue, 2048, int32_t, 4, 6, 1000000, 17841
moodycamel_concurrentqueue, 2048, int32_t, 4, 6, 1000000, 60822
lat_circular_queue, 2048, int32_t, 6, 1, 1000000, 93885
lat_blocking_circular_queue, 2048, int32_t, 6, 1, 1000000, 82285
tp_circular_queue, 2048, int32_t, 6, 1, 1000000, 6442
tp_blocking_circular_queue, 2048, int32_t, 6, 1, 1000000, 6076
atomic_queue, 2048, int32_t, 6, 1, 1000000, 45078
atomic_queue2, 2048, int32_t, 6, 1, 1000000, 145645
boost_queue, 2048, int32_t, 6, 1, 1000000, 224775
xenium_ramalhete_queue, 2048, int32_t, 6, 1, 1000000, 16584
moodycamel_concurrentqueue, 2048, int32_t, 6, 1, 1000000, 13848
lat_circular_queue, 2048, int32_t, 6, 2, 1000000, 88427
lat_blocking_circular_queue, 2048, int32_t, 6, 2, 1000000, 82649
tp_circular_queue, 2048, int32_t, 6, 2, 1000000, 8216
tp_blocking_circular_queue, 2048, int32_t, 6, 2, 1000000, 7967
atomic_queue, 2048, int32_t, 6, 2, 1000000, 50757
atomic_queue2, 2048, int32_t, 6, 2, 1000000, 118551
boost_queue, 2048, int32_t, 6, 2, 1000000, 250379
xenium_ramalhete_queue, 2048, int32_t, 6, 2, 1000000, 19363
moodycamel_concurrentqueue, 2048, int32_t, 6, 2, 1000000, 58298
lat_circular_queue, 2048, int32_t, 6, 4, 1000000, 88326
lat_blocking_circular_queue, 2048, int32_t, 6, 4, 1000000, 82095
tp_circular_queue, 2048, int32_t, 6, 4, 1000000, 11191
tp_blocking_circular_queue, 2048, int32_t, 6, 4, 1000000, 11073
atomic_queue, 2048, int32_t, 6, 4, 1000000, 76189
atomic_queue2, 2048, int32_t, 6, 4, 1000000, 87954
boost_queue, 2048, int32_t, 6, 4, 1000000, 250345
xenium_ramalhete_queue, 2048, int32_t, 6, 4, 1000000, 17572
moodycamel_concurrentqueue, 2048, int32_t, 6, 4, 1000000, 60708
lat_circular_queue, 2048, int32_t, 6, 6, 1000000, 98271
lat_blocking_circular_queue, 2048, int32_t, 6, 6, 1000000, 85307
tp_circular_queue, 2048, int32_t, 6, 6, 1000000, 9189
tp_blocking_circular_queue, 2048, int32_t, 6, 6, 1000000, 8944
atomic_queue, 2048, int32_t, 6, 6, 1000000, 112120
atomic_queue2, 2048, int32_t, 6, 6, 1000000, 106820
boost_queue, 2048, int32_t, 6, 6, 1000000, 263751
xenium_ramalhete_queue, 2048, int32_t, 6, 6, 1000000, 17368
moodycamel_concurrentqueue, 2048, int32_t, 6, 6, 1000000, 61816
lat_circular_queue, 2048, int32_t, 1, 1, 1000000, 6003
lat_blocking_circular_queue, 2048, int32_t, 1, 1, 1000000, 5684
tp_circular_queue, 2048, int32_t, 1, 1, 1000000, 2830
tp_blocking_circular_queue, 2048, int32_t, 1, 1, 1000000, 5134
atomic_queue, 2048, int32_t, 1, 1, 1000000, 34208
atomic_queue2, 2048, int32_t, 1, 1, 1000000, 52172
spsc_atomic_queue, 2048, int32_t, 1, 1, 1000000, 25645
spsc_atomic_queue2, 2048, int32_t, 1, 1, 1000000, 24091
boost_queue, 2048, int32_t, 1, 1, 1000000, 130450
spsc_boost_queue, 2048, int32_t, 1, 1, 1000000, 5795
xenium_ramalhete_queue, 2048, int32_t, 1, 1, 1000000, 20026
moodycamel_concurrentqueue, 2048, int32_t, 1, 1, 1000000, 26779
moodycamel_readerwriterqueue, 2048, int32_t, 1, 1, 1000000, 12853
lat_circular_queue, 2048, int32_t, 1, 2, 1000000, 45387
lat_blocking_circular_queue, 2048, int32_t, 1, 2, 1000000, 27800
tp_circular_queue, 2048, int32_t, 1, 2, 1000000, 7840
tp_blocking_circular_queue, 2048, int32_t, 1, 2, 1000000, 10899
atomic_queue, 2048, int32_t, 1, 2, 1000000, 52602
atomic_queue2, 2048, int32_t, 1, 2, 1000000, 54037
boost_queue, 2048, int32_t, 1, 2, 1000000, 189483
xenium_ramalhete_queue, 2048, int32_t, 1, 2, 1000000, 61380
moodycamel_concurrentqueue, 2048, int32_t, 1, 2, 1000000, 71851
lat_circular_queue, 2048, int32_t, 1, 4, 1000000, 77835
lat_blocking_circular_queue, 2048, int32_t, 1, 4, 1000000, 77722
tp_circular_queue, 2048, int32_t, 1, 4, 1000000, 20321
tp_blocking_circular_queue, 2048, int32_t, 1, 4, 1000000, 19814
atomic_queue, 2048, int32_t, 1, 4, 1000000, 73819
atomic_queue2, 2048, int32_t, 1, 4, 1000000, 80505
boost_queue, 2048, int32_t, 1, 4, 1000000, 249538
xenium_ramalhete_queue, 2048, int32_t, 1, 4, 1000000, 73664
moodycamel_concurrentqueue, 2048, int32_t, 1, 4, 1000000, 74761
lat_circular_queue, 2048, int32_t, 1, 6, 1000000, 107212
lat_blocking_circular_queue, 2048, int32_t, 1, 6, 1000000, 103748
tp_circular_queue, 2048, int32_t, 1, 6, 1000000, 13541
tp_blocking_circular_queue, 2048, int32_t, 1, 6, 1000000, 13610
atomic_queue, 2048, int32_t, 1, 6, 1000000, 121084
atomic_queue2, 2048, int32_t, 1, 6, 1000000, 120289
boost_queue, 2048, int32_t, 1, 6, 1000000, 220656
xenium_ramalhete_queue, 2048, int32_t, 1, 6, 1000000, 90615
moodycamel_concurrentqueue, 2048, int32_t, 1, 6, 1000000, 104693
lat_circular_queue, 2048, int32_t, 2, 1, 1000000, 41949
lat_blocking_circular_queue, 2048, int32_t, 2, 1, 1000000, 24251
tp_circular_queue, 2048, int32_t, 2, 1, 1000000, 3785
tp_blocking_circular_queue, 2048, int32_t, 2, 1, 1000000, 4122
atomic_queue, 2048, int32_t, 2, 1, 1000000, 30214
atomic_queue2, 2048, int32_t, 2, 1, 1000000, 63054
boost_queue, 2048, int32_t, 2, 1, 1000000, 138093
xenium_ramalhete_queue, 2048, int32_t, 2, 1, 1000000, 30515
moodycamel_concurrentqueue, 2048, int32_t, 2, 1, 1000000, 20994
lat_circular_queue, 2048, int32_t, 2, 2, 1000000, 48561
lat_blocking_circular_queue, 2048, int32_t, 2, 2, 1000000, 21804
tp_circular_queue, 2048, int32_t, 2, 2, 1000000, 9621
tp_blocking_circular_queue, 2048, int32_t, 2, 2, 1000000, 10300
atomic_queue, 2048, int32_t, 2, 2, 1000000, 58213
atomic_queue2, 2048, int32_t, 2, 2, 1000000, 72371
boost_queue, 2048, int32_t, 2, 2, 1000000, 189073
xenium_ramalhete_queue, 2048, int32_t, 2, 2, 1000000, 29434
moodycamel_concurrentqueue, 2048, int32_t, 2, 2, 1000000, 70380
lat_circular_queue, 2048, int32_t, 2, 4, 1000000, 74715
lat_blocking_circular_queue, 2048, int32_t, 2, 4, 1000000, 74984
tp_circular_queue, 2048, int32_t, 2, 4, 1000000, 21917
tp_blocking_circular_queue, 2048, int32_t, 2, 4, 1000000, 22091
atomic_queue, 2048, int32_t, 2, 4, 1000000, 87505
atomic_queue2, 2048, int32_t, 2, 4, 1000000, 87592
boost_queue, 2048, int32_t, 2, 4, 1000000, 250079
xenium_ramalhete_queue, 2048, int32_t, 2, 4, 1000000, 46889
moodycamel_concurrentqueue, 2048, int32_t, 2, 4, 1000000, 70255
lat_circular_queue, 2048, int32_t, 2, 6, 1000000, 106045
lat_blocking_circular_queue, 2048, int32_t, 2, 6, 1000000, 97556
tp_circular_queue, 2048, int32_t, 2, 6, 1000000, 13414
tp_blocking_circular_queue, 2048, int32_t, 2, 6, 1000000, 12602
atomic_queue, 2048, int32_t, 2, 6, 1000000, 113849
atomic_queue2, 2048, int32_t, 2, 6, 1000000, 116466
boost_queue, 2048, int32_t, 2, 6, 1000000, 226585
xenium_ramalhete_queue, 2048, int32_t, 2, 6, 1000000, 58589
moodycamel_concurrentqueue, 2048, int32_t, 2, 6, 1000000, 73301
lat_circular_queue, 2048, int32_t, 4, 1, 1000000, 72968
lat_blocking_circular_queue, 2048, int32_t, 4, 1, 1000000, 71335
tp_circular_queue, 2048, int32_t, 4, 1, 1000000, 4318
tp_blocking_circular_queue, 2048, int32_t, 4, 1, 1000000, 4668
atomic_queue, 2048, int32_t, 4, 1, 1000000, 45034
atomic_queue2, 2048, int32_t, 4, 1, 1000000, 84963
boost_queue, 2048, int32_t, 4, 1, 1000000, 214575
xenium_ramalhete_queue, 2048, int32_t, 4, 1, 1000000, 20393
moodycamel_concurrentqueue, 2048, int32_t, 4, 1, 1000000, 15257
lat_circular_queue, 2048, int32_t, 4, 2, 1000000, 74435
lat_blocking_circular_queue, 2048, int32_t, 4, 2, 1000000, 69501
tp_circular_queue, 2048, int32_t, 4, 2, 1000000, 5766
tp_blocking_circular_queue, 2048, int32_t, 4, 2, 1000000, 5668
atomic_queue, 2048, int32_t, 4, 2, 1000000, 53937
atomic_queue2, 2048, int32_t, 4, 2, 1000000, 104330
boost_queue, 2048, int32_t, 4, 2, 1000000, 245435
xenium_ramalhete_queue, 2048, int32_t, 4, 2, 1000000, 23532
moodycamel_concurrentqueue, 2048, int32_t, 4, 2, 1000000, 65321
lat_circular_queue, 2048, int32_t, 4, 4, 1000000, 69588
lat_blocking_circular_queue, 2048, int32_t, 4, 4, 1000000, 61256
tp_circular_queue, 2048, int32_t, 4, 4, 1000000, 5218
tp_blocking_circular_queue, 2048, int32_t, 4, 4, 1000000, 6516
atomic_queue, 2048, int32_t, 4, 4, 1000000, 80202
atomic_queue2, 2048, int32_t, 4, 4, 1000000, 88975
boost_queue, 2048, int32_t, 4, 4, 1000000, 216957
xenium_ramalhete_queue, 2048, int32_t, 4, 4, 1000000, 19013
moodycamel_concurrentqueue, 2048, int32_t, 4, 4, 1000000, 63195
lat_circular_queue, 2048, int32_t, 4, 6, 1000000, 102636
lat_blocking_circular_queue, 2048, int32_t, 4, 6, 1000000, 92725
tp_circular_queue, 2048, int32_t, 4, 6, 1000000, 12147
tp_blocking_circular_queue, 2048, int32_t, 4, 6, 1000000, 12009
atomic_queue, 2048, int32_t, 4, 6, 1000000, 114777
atomic_queue2, 2048, int32_t, 4, 6, 1000000, 109686
boost_queue, 2048, int32_t, 4, 6, 1000000, 232279
xenium_ramalhete_queue, 2048, int32_t, 4, 6, 1000000, 17862
moodycamel_concurrentqueue, 2048, int32_t, 4, 6, 1000000, 63340
lat_circular_queue, 2048, int32_t, 6, 1, 1000000, 92387
lat_blocking_circular_queue, 2048, int32_t, 6, 1, 1000000, 83147
tp_circular_queue, 2048, int32_t, 6, 1, 1000000, 6447
tp_blocking_circular_queue, 2048, int32_t, 6, 1, 1000000, 6549
atomic_queue, 2048, int32_t, 6, 1, 1000000, 44079
atomic_queue2, 2048, int32_t, 6, 1, 1000000, 144532
boost_queue, 2048, int32_t, 6, 1, 1000000, 223894
xenium_ramalhete_queue, 2048, int32_t, 6, 1, 1000000, 17513
moodycamel_concurrentqueue, 2048, int32_t, 6, 1, 1000000, 14109
lat_circular_queue, 2048, int32_t, 6, 2, 1000000, 94348
lat_blocking_circular_queue, 2048, int32_t, 6, 2, 1000000, 81984
tp_circular_queue, 2048, int32_t, 6, 2, 1000000, 8858
tp_blocking_circular_queue, 2048, int32_t, 6, 2, 1000000, 8301
atomic_queue, 2048, int32_t, 6, 2, 1000000, 50518
atomic_queue2, 2048, int32_t, 6, 2, 1000000, 111465
boost_queue, 2048, int32_t, 6, 2, 1000000, 255831
xenium_ramalhete_queue, 2048, int32_t, 6, 2, 1000000, 19148
moodycamel_concurrentqueue, 2048, int32_t, 6, 2, 1000000, 58988
lat_circular_queue, 2048, int32_t, 6, 4, 1000000, 92203
lat_blocking_circular_queue, 2048, int32_t, 6, 4, 1000000, 89439
tp_circular_queue, 2048, int32_t, 6, 4, 1000000, 11470
tp_blocking_circular_queue, 2048, int32_t, 6, 4, 1000000, 11541
atomic_queue, 2048, int32_t, 6, 4, 1000000, 76847
atomic_queue2, 2048, int32_t, 6, 4, 1000000, 88637
boost_queue, 2048, int32_t, 6, 4, 1000000, 252037
xenium_ramalhete_queue, 2048, int32_t, 6, 4, 1000000, 17445
moodycamel_concurrentqueue, 2048, int32_t, 6, 4, 1000000, 60392
lat_circular_queue, 2048, int32_t, 6, 6, 1000000, 98041
lat_blocking_circular_queue, 2048, int32_t, 6, 6, 1000000, 85732
tp_circular_queue, 2048, int32_t, 6, 6, 1000000, 9529
tp_blocking_circular_queue, 2048, int32_t, 6, 6, 1000000, 10708
atomic_queue, 2048, int32_t, 6, 6, 1000000, 112010
atomic_queue2, 2048, int32_t, 6, 6, 1000000, 106954
boost_queue, 2048, int32_t, 6, 6, 1000000, 263939
xenium_ramalhete_queue, 2048, int32_t, 6, 6, 1000000, 17413
moodycamel_concurrentqueue, 2048, int32_t, 6, 6, 1000000, 60828
lat_circular_queue, 2048, int32_t, 1, 1, 1000000, 6367
lat_blocking_circular_queue, 2048, int32_t, 1, 1, 1000000, 5418
tp_circular_queue, 2048, int32_t, 1, 1, 1000000, 6482
tp_blocking_circular_queue, 2048, int32_t, 1, 1, 1000000, 3434
atomic_queue, 2048, int32_t, 1, 1, 1000000, 34633
atomic_queue2, 2048, int32_t, 1, 1, 1000000, 55694
spsc_atomic_queue, 2048, int32_t, 1, 1, 1000000, 24362
spsc_atomic_queue2, 2048, int32_t, 1, 1, 1000000, 24241
boost_queue, 2048, int32_t, 1, 1, 1000000, 127378
spsc_boost_queue, 2048, int32_t, 1, 1, 1000000, 8726
xenium_ramalhete_queue, 2048, int32_t, 1, 1, 1000000, 34105
moodycamel_concurrentqueue, 2048, int32_t, 1, 1, 1000000, 28049
moodycamel_readerwriterqueue, 2048, int32_t, 1, 1, 1000000, 16496
lat_circular_queue, 2048, int32_t, 1, 2, 1000000, 44223
lat_blocking_circular_queue, 2048, int32_t, 1, 2, 1000000, 28682
tp_circular_queue, 2048, int32_t, 1, 2, 1000000, 5441
tp_blocking_circular_queue, 2048, int32_t, 1, 2, 1000000, 4985
atomic_queue, 2048, int32_t, 1, 2, 1000000, 54815
atomic_queue2, 2048, int32_t, 1, 2, 1000000, 57590
boost_queue, 2048, int32_t, 1, 2, 1000000, 204954
xenium_ramalhete_queue, 2048, int32_t, 1, 2, 1000000, 63160
moodycamel_concurrentqueue, 2048, int32_t, 1, 2, 1000000, 68431
lat_circular_queue, 2048, int32_t, 1, 4, 1000000, 78987
lat_blocking_circular_queue, 2048, int32_t, 1, 4, 1000000, 79887
tp_circular_queue, 2048, int32_t, 1, 4, 1000000, 22118
tp_blocking_circular_queue, 2048, int32_t, 1, 4, 1000000, 22837
atomic_queue, 2048, int32_t, 1, 4, 1000000, 83359
atomic_queue2, 2048, int32_t, 1, 4, 1000000, 83858
boost_queue, 2048, int32_t, 1, 4, 1000000, 249985
xenium_ramalhete_queue, 2048, int32_t, 1, 4, 1000000, 73334
moodycamel_concurrentqueue, 2048, int32_t, 1, 4, 1000000, 75307
lat_circular_queue, 2048, int32_t, 1, 6, 1000000, 107198
lat_blocking_circular_queue, 2048, int32_t, 1, 6, 1000000, 102931
tp_circular_queue, 2048, int32_t, 1, 6, 1000000, 13829
tp_blocking_circular_queue, 2048, int32_t, 1, 6, 1000000, 13266
atomic_queue, 2048, int32_t, 1, 6, 1000000, 119817
atomic_queue2, 2048, int32_t, 1, 6, 1000000, 121227
boost_queue, 2048, int32_t, 1, 6, 1000000, 240136
xenium_ramalhete_queue, 2048, int32_t, 1, 6, 1000000, 98654
moodycamel_concurrentqueue, 2048, int32_t, 1, 6, 1000000, 108715
lat_circular_queue, 2048, int32_t, 2, 1, 1000000, 38650
lat_blocking_circular_queue, 2048, int32_t, 2, 1, 1000000, 28892
tp_circular_queue, 2048, int32_t, 2, 1, 1000000, 3204
tp_blocking_circular_queue, 2048, int32_t, 2, 1, 1000000, 3652
atomic_queue, 2048, int32_t, 2, 1, 1000000, 35810
atomic_queue2, 2048, int32_t, 2, 1, 1000000, 38373
boost_queue, 2048, int32_t, 2, 1, 1000000, 142787
xenium_ramalhete_queue, 2048, int32_t, 2, 1, 1000000, 31462
moodycamel_concurrentqueue, 2048, int32_t, 2, 1, 1000000, 22480
lat_circular_queue, 2048, int32_t, 2, 2, 1000000, 46415
lat_blocking_circular_queue, 2048, int32_t, 2, 2, 1000000, 20637
tp_circular_queue, 2048, int32_t, 2, 2, 1000000, 7221
tp_blocking_circular_queue, 2048, int32_t, 2, 2, 1000000, 3434
atomic_queue, 2048, int32_t, 2, 2, 1000000, 57642
atomic_queue2, 2048, int32_t, 2, 2, 1000000, 71929
boost_queue, 2048, int32_t, 2, 2, 1000000, 181711
xenium_ramalhete_queue, 2048, int32_t, 2, 2, 1000000, 33245
moodycamel_concurrentqueue, 2048, int32_t, 2, 2, 1000000, 71165
lat_circular_queue, 2048, int32_t, 2, 4, 1000000, 74132
lat_blocking_circular_queue, 2048, int32_t, 2, 4, 1000000, 75077
tp_circular_queue, 2048, int32_t, 2, 4, 1000000, 21681
tp_blocking_circular_queue, 2048, int32_t, 2, 4, 1000000, 21595
atomic_queue, 2048, int32_t, 2, 4, 1000000, 87912
atomic_queue2, 2048, int32_t, 2, 4, 1000000, 87325
boost_queue, 2048, int32_t, 2, 4, 1000000, 249916
xenium_ramalhete_queue, 2048, int32_t, 2, 4, 1000000, 46840
moodycamel_concurrentqueue, 2048, int32_t, 2, 4, 1000000, 72317
lat_circular_queue, 2048, int32_t, 2, 6, 1000000, 104816
lat_blocking_circular_queue, 2048, int32_t, 2, 6, 1000000, 99896
tp_circular_queue, 2048, int32_t, 2, 6, 1000000, 14408
tp_blocking_circular_queue, 2048, int32_t, 2, 6, 1000000, 17657
atomic_queue, 2048, int32_t, 2, 6, 1000000, 115696
atomic_queue2, 2048, int32_t, 2, 6, 1000000, 116213
boost_queue, 2048, int32_t, 2, 6, 1000000, 224537
xenium_ramalhete_queue, 2048, int32_t, 2, 6, 1000000, 56719
moodycamel_concurrentqueue, 2048, int32_t, 2, 6, 1000000, 70452
lat_circular_queue, 2048, int32_t, 4, 1, 1000000, 73772
lat_blocking_circular_queue, 2048, int32_t, 4, 1, 1000000, 71328
tp_circular_queue, 2048, int32_t, 4, 1, 1000000, 4629
tp_blocking_circular_queue, 2048, int32_t, 4, 1, 1000000, 4396
atomic_queue, 2048, int32_t, 4, 1, 1000000, 44843
atomic_queue2, 2048, int32_t, 4, 1, 1000000, 115612
boost_queue, 2048, int32_t, 4, 1, 1000000, 213504
xenium_ramalhete_queue, 2048, int32_t, 4, 1, 1000000, 20747
moodycamel_concurrentqueue, 2048, int32_t, 4, 1, 1000000, 15568
lat_circular_queue, 2048, int32_t, 4, 2, 1000000, 73651
lat_blocking_circular_queue, 2048, int32_t, 4, 2, 1000000, 70960
tp_circular_queue, 2048, int32_t, 4, 2, 1000000, 5827
tp_blocking_circular_queue, 2048, int32_t, 4, 2, 1000000, 6193
atomic_queue, 2048, int32_t, 4, 2, 1000000, 56730
atomic_queue2, 2048, int32_t, 4, 2, 1000000, 104441
boost_queue, 2048, int32_t, 4, 2, 1000000, 241861
xenium_ramalhete_queue, 2048, int32_t, 4, 2, 1000000, 19523
moodycamel_concurrentqueue, 2048, int32_t, 4, 2, 1000000, 60394
lat_circular_queue, 2048, int32_t, 4, 4, 1000000, 70666
lat_blocking_circular_queue, 2048, int32_t, 4, 4, 1000000, 59397
tp_circular_queue, 2048, int32_t, 4, 4, 1000000, 6473
tp_blocking_circular_queue, 2048, int32_t, 4, 4, 1000000, 4752
atomic_queue, 2048, int32_t, 4, 4, 1000000, 71106
atomic_queue2, 2048, int32_t, 4, 4, 1000000, 85613
boost_queue, 2048, int32_t, 4, 4, 1000000, 225880
xenium_ramalhete_queue, 2048, int32_t, 4, 4, 1000000, 24136
moodycamel_concurrentqueue, 2048, int32_t, 4, 4, 1000000, 62970
lat_circular_queue, 2048, int32_t, 4, 6, 1000000, 101858
lat_blocking_circular_queue, 2048, int32_t, 4, 6, 1000000, 91750
tp_circular_queue, 2048, int32_t, 4, 6, 1000000, 12390
tp_blocking_circular_queue, 2048, int32_t, 4, 6, 1000000, 11759
atomic_queue, 2048, int32_t, 4, 6, 1000000, 115369
atomic_queue2, 2048, int32_t, 4, 6, 1000000, 109692
boost_queue, 2048, int32_t, 4, 6, 1000000, 235100
xenium_ramalhete_queue, 2048, int32_t, 4, 6, 1000000, 17777
moodycamel_concurrentqueue, 2048, int32_t, 4, 6, 1000000, 61490
lat_circular_queue, 2048, int32_t, 6, 1, 1000000, 99550
lat_blocking_circular_queue, 2048, int32_t, 6, 1, 1000000, 84032
tp_circular_queue, 2048, int32_t, 6, 1, 1000000, 6412
tp_blocking_circular_queue, 2048, int32_t, 6, 1, 1000000, 6372
atomic_queue, 2048, int32_t, 6, 1, 1000000, 46136
atomic_queue2, 2048, int32_t, 6, 1, 1000000, 142392
boost_queue, 2048, int32_t, 6, 1, 1000000, 219384
xenium_ramalhete_queue, 2048, int32_t, 6, 1, 1000000, 17014
moodycamel_concurrentqueue, 2048, int32_t, 6, 1, 1000000, 13640
lat_circular_queue, 2048, int32_t, 6, 2, 1000000, 93651
lat_blocking_circular_queue, 2048, int32_t, 6, 2, 1000000, 82593
tp_circular_queue, 2048, int32_t, 6, 2, 1000000, 8382
tp_blocking_circular_queue, 2048, int32_t, 6, 2, 1000000, 8264
atomic_queue, 2048, int32_t, 6, 2, 1000000, 49536
atomic_queue2, 2048, int32_t, 6, 2, 1000000, 129660
boost_queue, 2048, int32_t, 6, 2, 1000000, 247953
xenium_ramalhete_queue, 2048, int32_t, 6, 2, 1000000, 18736
moodycamel_concurrentqueue, 2048, int32_t, 6, 2, 1000000, 59604
lat_circular_queue, 2048, int32_t, 6, 4, 1000000, 99919
lat_blocking_circular_queue, 2048, int32_t, 6, 4, 1000000, 89571
tp_circular_queue, 2048, int32_t, 6, 4, 1000000, 11024
tp_blocking_circular_queue, 2048, int32_t, 6, 4, 1000000, 10968
atomic_queue, 2048, int32_t, 6, 4, 1000000, 70974
atomic_queue2, 2048, int32_t, 6, 4, 1000000, 86246
boost_queue, 2048, int32_t, 6, 4, 1000000, 242660
xenium_ramalhete_queue, 2048, int32_t, 6, 4, 1000000, 17653
moodycamel_concurrentqueue, 2048, int32_t, 6, 4, 1000000, 60697
lat_circular_queue, 2048, int32_t, 6, 6, 1000000, 98322
lat_blocking_circular_queue, 2048, int32_t, 6, 6, 1000000, 84911
tp_circular_queue, 2048, int32_t, 6, 6, 1000000, 10267
tp_blocking_circular_queue, 2048, int32_t, 6, 6, 1000000, 10272
atomic_queue, 2048, int32_t, 6, 6, 1000000, 100425
atomic_queue2, 2048, int32_t, 6, 6, 1000000, 106596
boost_queue, 2048, int32_t, 6, 6, 1000000, 263857
xenium_ramalhete_queue, 2048, int32_t, 6, 6, 1000000, 17359
moodycamel_concurrentqueue, 2048, int32_t, 6, 6, 1000000, 61976
lat_circular_queue, 2048, int32_t, 1, 1, 1000000, 6049
lat_blocking_circular_queue, 2048, int32_t, 1, 1, 1000000, 5145
tp_circular_queue, 2048, int32_t, 1, 1, 1000000, 3586
tp_blocking_circular_queue, 2048, int32_t, 1, 1, 1000000, 4587
atomic_queue, 2048, int32_t, 1, 1, 1000000, 35504
atomic_queue2, 2048, int32_t, 1, 1, 1000000, 56050
spsc_atomic_queue, 2048, int32_t, 1, 1, 1000000, 23833
spsc_atomic_queue2, 2048, int32_t, 1, 1, 1000000, 23134
boost_queue, 2048, int32_t, 1, 1, 1000000, 131355
spsc_boost_queue, 2048, int32_t, 1, 1, 1000000, 8204
xenium_ramalhete_queue, 2048, int32_t, 1, 1, 1000000, 32750
moodycamel_concurrentqueue, 2048, int32_t, 1, 1, 1000000, 24773
moodycamel_readerwriterqueue, 2048, int32_t, 1, 1, 1000000, 16167
lat_circular_queue, 2048, int32_t, 1, 2, 1000000, 45992
lat_blocking_circular_queue, 2048, int32_t, 1, 2, 1000000, 29084
tp_circular_queue, 2048, int32_t, 1, 2, 1000000, 19550
tp_blocking_circular_queue, 2048, int32_t, 1, 2, 1000000, 4952
atomic_queue, 2048, int32_t, 1, 2, 1000000, 54644
atomic_queue2, 2048, int32_t, 1, 2, 1000000, 58849
boost_queue, 2048, int32_t, 1, 2, 1000000, 185700
xenium_ramalhete_queue, 2048, int32_t, 1, 2, 1000000, 31822
moodycamel_concurrentqueue, 2048, int32_t, 1, 2, 1000000, 67351
lat_circular_queue, 2048, int32_t, 1, 4, 1000000, 78032
lat_blocking_circular_queue, 2048, int32_t, 1, 4, 1000000, 75730
tp_circular_queue, 2048, int32_t, 1, 4, 1000000, 20607
tp_blocking_circular_queue, 2048, int32_t, 1, 4, 1000000, 20996
atomic_queue, 2048, int32_t, 1, 4, 1000000, 87041
atomic_queue2, 2048, int32_t, 1, 4, 1000000, 83316
boost_queue, 2048, int32_t, 1, 4, 1000000, 253195
xenium_ramalhete_queue, 2048, int32_t, 1, 4, 1000000, 73023
moodycamel_concurrentqueue, 2048, int32_t, 1, 4, 1000000, 81593
lat_circular_queue, 2048, int32_t, 1, 6, 1000000, 108900
lat_blocking_circular_queue, 2048, int32_t, 1, 6, 1000000, 102665
tp_circular_queue, 2048, int32_t, 1, 6, 1000000, 13617
tp_blocking_circular_queue, 2048, int32_t, 1, 6, 1000000, 13551
atomic_queue, 2048, int32_t, 1, 6, 1000000, 118640
atomic_queue2, 2048, int32_t, 1, 6, 1000000, 120529
boost_queue, 2048, int32_t, 1, 6, 1000000, 233232
xenium_ramalhete_queue, 2048, int32_t, 1, 6, 1000000, 91717
moodycamel_concurrentqueue, 2048, int32_t, 1, 6, 1000000, 110973
lat_circular_queue, 2048, int32_t, 2, 1, 1000000, 43074
lat_blocking_circular_queue, 2048, int32_t, 2, 1, 1000000, 25314
tp_circular_queue, 2048, int32_t, 2, 1, 1000000, 6781
tp_blocking_circular_queue, 2048, int32_t, 2, 1, 1000000, 3795
atomic_queue, 2048, int32_t, 2, 1, 1000000, 30323
atomic_queue2, 2048, int32_t, 2, 1, 1000000, 37338
boost_queue, 2048, int32_t, 2, 1, 1000000, 139709
xenium_ramalhete_queue, 2048, int32_t, 2, 1, 1000000, 30355
moodycamel_concurrentqueue, 2048, int32_t, 2, 1, 1000000, 20322
lat_circular_queue, 2048, int32_t, 2, 2, 1000000, 46975
lat_blocking_circular_queue, 2048, int32_t, 2, 2, 1000000, 20332
tp_circular_queue, 2048, int32_t, 2, 2, 1000000, 8682
tp_blocking_circular_queue, 2048, int32_t, 2, 2, 1000000, 14015
atomic_queue, 2048, int32_t, 2, 2, 1000000, 56790
atomic_queue2, 2048, int32_t, 2, 2, 1000000, 70650
boost_queue, 2048, int32_t, 2, 2, 1000000, 180535
xenium_ramalhete_queue, 2048, int32_t, 2, 2, 1000000, 25740
moodycamel_concurrentqueue, 2048, int32_t, 2, 2, 1000000, 62388
lat_circular_queue, 2048, int32_t, 2, 4, 1000000, 74307
lat_blocking_circular_queue, 2048, int32_t, 2, 4, 1000000, 69449
tp_circular_queue, 2048, int32_t, 2, 4, 1000000, 18757
tp_blocking_circular_queue, 2048, int32_t, 2, 4, 1000000, 18498
atomic_queue, 2048, int32_t, 2, 4, 1000000, 81399
atomic_queue2, 2048, int32_t, 2, 4, 1000000, 82006
boost_queue, 2048, int32_t, 2, 4, 1000000, 255793
xenium_ramalhete_queue, 2048, int32_t, 2, 4, 1000000, 46424
moodycamel_concurrentqueue, 2048, int32_t, 2, 4, 1000000, 71472
lat_circular_queue, 2048, int32_t, 2, 6, 1000000, 107284
lat_blocking_circular_queue, 2048, int32_t, 2, 6, 1000000, 100830
tp_circular_queue, 2048, int32_t, 2, 6, 1000000, 14762
tp_blocking_circular_queue, 2048, int32_t, 2, 6, 1000000, 12502
atomic_queue, 2048, int32_t, 2, 6, 1000000, 115564
atomic_queue2, 2048, int32_t, 2, 6, 1000000, 116605
boost_queue, 2048, int32_t, 2, 6, 1000000, 240373
xenium_ramalhete_queue, 2048, int32_t, 2, 6, 1000000, 54975
moodycamel_concurrentqueue, 2048, int32_t, 2, 6, 1000000, 66447
lat_circular_queue, 2048, int32_t, 4, 1, 1000000, 71544
lat_blocking_circular_queue, 2048, int32_t, 4, 1, 1000000, 71956
tp_circular_queue, 2048, int32_t, 4, 1, 1000000, 4715
tp_blocking_circular_queue, 2048, int32_t, 4, 1, 1000000, 3941
atomic_queue, 2048, int32_t, 4, 1, 1000000, 45348
atomic_queue2, 2048, int32_t, 4, 1, 1000000, 115603
boost_queue, 2048, int32_t, 4, 1, 1000000, 209947
xenium_ramalhete_queue, 2048, int32_t, 4, 1, 1000000, 20441
moodycamel_concurrentqueue, 2048, int32_t, 4, 1, 1000000, 17471
lat_circular_queue, 2048, int32_t, 4, 2, 1000000, 73054
lat_blocking_circular_queue, 2048, int32_t, 4, 2, 1000000, 69507
tp_circular_queue, 2048, int32_t, 4, 2, 1000000, 5777
tp_blocking_circular_queue, 2048, int32_t, 4, 2, 1000000, 5453
atomic_queue, 2048, int32_t, 4, 2, 1000000, 53355
atomic_queue2, 2048, int32_t, 4, 2, 1000000, 104326
boost_queue, 2048, int32_t, 4, 2, 1000000, 247133
xenium_ramalhete_queue, 2048, int32_t, 4, 2, 1000000, 23304
moodycamel_concurrentqueue, 2048, int32_t, 4, 2, 1000000, 62810
lat_circular_queue, 2048, int32_t, 4, 4, 1000000, 73076
lat_blocking_circular_queue, 2048, int32_t, 4, 4, 1000000, 59409
tp_circular_queue, 2048, int32_t, 4, 4, 1000000, 5363
tp_blocking_circular_queue, 2048, int32_t, 4, 4, 1000000, 7099
atomic_queue, 2048, int32_t, 4, 4, 1000000, 72554
atomic_queue2, 2048, int32_t, 4, 4, 1000000, 85514
boost_queue, 2048, int32_t, 4, 4, 1000000, 226462
xenium_ramalhete_queue, 2048, int32_t, 4, 4, 1000000, 23179
moodycamel_concurrentqueue, 2048, int32_t, 4, 4, 1000000, 63076
lat_circular_queue, 2048, int32_t, 4, 6, 1000000, 101953
lat_blocking_circular_queue, 2048, int32_t, 4, 6, 1000000, 92546
tp_circular_queue, 2048, int32_t, 4, 6, 1000000, 12675
tp_blocking_circular_queue, 2048, int32_t, 4, 6, 1000000, 11968
atomic_queue, 2048, int32_t, 4, 6, 1000000, 115584
atomic_queue2, 2048, int32_t, 4, 6, 1000000, 109805
boost_queue, 2048, int32_t, 4, 6, 1000000, 237591
xenium_ramalhete_queue, 2048, int32_t, 4, 6, 1000000, 17790
moodycamel_concurrentqueue, 2048, int32_t, 4, 6, 1000000, 62465
lat_circular_queue, 2048, int32_t, 6, 1, 1000000, 93342
lat_blocking_circular_queue, 2048, int32_t, 6, 1, 1000000, 84710
tp_circular_queue, 2048, int32_t, 6, 1, 1000000, 6505
tp_blocking_circular_queue, 2048, int32_t, 6, 1, 1000000, 5549
atomic_queue, 2048, int32_t, 6, 1, 1000000, 44753
atomic_queue2, 2048, int32_t, 6, 1, 1000000, 144345
boost_queue, 2048, int32_t, 6, 1, 1000000, 222818
xenium_ramalhete_queue, 2048, int32_t, 6, 1, 1000000, 16757
moodycamel_concurrentqueue, 2048, int32_t, 6, 1, 1000000, 13555
lat_circular_queue, 2048, int32_t, 6, 2, 1000000, 91175
lat_blocking_circular_queue, 2048, int32_t, 6, 2, 1000000, 81018
tp_circular_queue, 2048, int32_t, 6, 2, 1000000, 8167
tp_blocking_circular_queue, 2048, int32_t, 6, 2, 1000000, 8360
atomic_queue, 2048, int32_t, 6, 2, 1000000, 51032
atomic_queue2, 2048, int32_t, 6, 2, 1000000, 118810
boost_queue, 2048, int32_t, 6, 2, 1000000, 249747
xenium_ramalhete_queue, 2048, int32_t, 6, 2, 1000000, 21441
moodycamel_concurrentqueue, 2048, int32_t, 6, 2, 1000000, 59506
lat_circular_queue, 2048, int32_t, 6, 4, 1000000, 98909
lat_blocking_circular_queue, 2048, int32_t, 6, 4, 1000000, 83232
tp_circular_queue, 2048, int32_t, 6, 4, 1000000, 11776
tp_blocking_circular_queue, 2048, int32_t, 6, 4, 1000000, 11781
atomic_queue, 2048, int32_t, 6, 4, 1000000, 70616
atomic_queue2, 2048, int32_t, 6, 4, 1000000, 88072
boost_queue, 2048, int32_t, 6, 4, 1000000, 235232
xenium_ramalhete_queue, 2048, int32_t, 6, 4, 1000000, 17828
moodycamel_concurrentqueue, 2048, int32_t, 6, 4, 1000000, 61899
lat_circular_queue, 2048, int32_t, 6, 6, 1000000, 97818
lat_blocking_circular_queue, 2048, int32_t, 6, 6, 1000000, 84746
tp_circular_queue, 2048, int32_t, 6, 6, 1000000, 10410
tp_blocking_circular_queue, 2048, int32_t, 6, 6, 1000000, 8598
atomic_queue, 2048, int32_t, 6, 6, 1000000, 111714
atomic_queue2, 2048, int32_t, 6, 6, 1000000, 106385
boost_queue, 2048, int32_t, 6, 6, 1000000, 262851
xenium_ramalhete_queue, 2048, int32_t, 6, 6, 1000000, 17406
moodycamel_concurrentqueue, 2048, int32_t, 6, 6, 1000000, 62005
