Queue Size, Name, Data Type, Num Bounces, Time (ms)
128, 0-40, std::unique_ptr<example_struct>, 1000000, 73
128, 1-40, std::unique_ptr<example_struct>, 1000000, 76
128, 2-40, std::unique_ptr<example_struct>, 1000000, 68
128, 3-40, std::unique_ptr<example_struct>, 1000000, 54
128, 4-40, std::unique_ptr<example_struct>, 1000000, 70
128, 5-40, std::unique_ptr<example_struct>, 1000000, 68
128, 6-40, std::unique_ptr<example_struct>, 1000000, 63
128, 0-40, std::unique_ptr<example_struct>, 1000000, 76
128, 1-40, std::unique_ptr<example_struct>, 1000000, 79
128, 2-40, std::unique_ptr<example_struct>, 1000000, 64
128, 3-40, std::unique_ptr<example_struct>, 1000000, 55
128, 4-40, std::unique_ptr<example_struct>, 1000000, 69
128, 5-40, std::unique_ptr<example_struct>, 1000000, 75
128, 6-40, std::unique_ptr<example_struct>, 1000000, 68
128, 0-40, std::unique_ptr<example_struct>, 1000000, 71
128, 1-40, std::unique_ptr<example_struct>, 1000000, 78
128, 2-40, std::unique_ptr<example_struct>, 1000000, 69
128, 3-40, std::unique_ptr<example_struct>, 1000000, 55
128, 4-40, std::unique_ptr<example_struct>, 1000000, 69
128, 5-40, std::unique_ptr<example_struct>, 1000000, 68
128, 6-40, std::unique_ptr<example_struct>, 1000000, 66
128, 0-40, std::unique_ptr<example_struct>, 1000000, 79
128, 1-40, std::unique_ptr<example_struct>, 1000000, 77
128, 2-40, std::unique_ptr<example_struct>, 1000000, 69
128, 3-40, std::unique_ptr<example_struct>, 1000000, 58
128, 4-40, std::unique_ptr<example_struct>, 1000000, 70
128, 5-40, std::unique_ptr<example_struct>, 1000000, 65
128, 6-40, std::unique_ptr<example_struct>, 1000000, 62
128, 0-40, std::unique_ptr<example_struct>, 1000000, 75
128, 1-40, std::unique_ptr<example_struct>, 1000000, 78
128, 2-40, std::unique_ptr<example_struct>, 1000000, 66
128, 3-40, std::unique_ptr<example_struct>, 1000000, 55
128, 4-40, std::unique_ptr<example_struct>, 1000000, 70
128, 5-40, std::unique_ptr<example_struct>, 1000000, 70
128, 6-40, std::unique_ptr<example_struct>, 1000000, 73
128, 0-40, std::unique_ptr<example_struct>, 1000000, 74
128, 1-40, std::unique_ptr<example_struct>, 1000000, 78
128, 2-40, std::unique_ptr<example_struct>, 1000000, 69
128, 3-40, std::unique_ptr<example_struct>, 1000000, 56
128, 4-40, std::unique_ptr<example_struct>, 1000000, 69
128, 5-40, std::unique_ptr<example_struct>, 1000000, 73
128, 6-40, std::unique_ptr<example_struct>, 1000000, 69
128, 0-40, std::unique_ptr<example_struct>, 1000000, 78
128, 1-40, std::unique_ptr<example_struct>, 1000000, 79
128, 2-40, std::unique_ptr<example_struct>, 1000000, 64
128, 3-40, std::unique_ptr<example_struct>, 1000000, 56
128, 4-40, std::unique_ptr<example_struct>, 1000000, 70
128, 5-40, std::unique_ptr<example_struct>, 1000000, 70
128, 6-40, std::unique_ptr<example_struct>, 1000000, 74
128, 0-40, std::unique_ptr<example_struct>, 1000000, 85
128, 1-40, std::unique_ptr<example_struct>, 1000000, 81
128, 2-40, std::unique_ptr<example_struct>, 1000000, 71
128, 3-40, std::unique_ptr<example_struct>, 1000000, 63
128, 4-40, std::unique_ptr<example_struct>, 1000000, 62
128, 5-40, std::unique_ptr<example_struct>, 1000000, 69
128, 6-40, std::unique_ptr<example_struct>, 1000000, 72
128, 0-40, std::unique_ptr<example_struct>, 1000000, 77
128, 1-40, std::unique_ptr<example_struct>, 1000000, 74
128, 2-40, std::unique_ptr<example_struct>, 1000000, 67
128, 3-40, std::unique_ptr<example_struct>, 1000000, 62
128, 4-40, std::unique_ptr<example_struct>, 1000000, 63
128, 5-40, std::unique_ptr<example_struct>, 1000000, 68
128, 6-40, std::unique_ptr<example_struct>, 1000000, 70
128, 0-40, std::unique_ptr<example_struct>, 1000000, 70
128, 1-40, std::unique_ptr<example_struct>, 1000000, 74
128, 2-40, std::unique_ptr<example_struct>, 1000000, 69
128, 3-40, std::unique_ptr<example_struct>, 1000000, 61
128, 4-40, std::unique_ptr<example_struct>, 1000000, 61
128, 5-40, std::unique_ptr<example_struct>, 1000000, 66
128, 6-40, std::unique_ptr<example_struct>, 1000000, 72
128, 0-40, std::unique_ptr<example_struct>, 1000000, 71
128, 1-40, std::unique_ptr<example_struct>, 1000000, 71
128, 2-40, std::unique_ptr<example_struct>, 1000000, 70
128, 3-40, std::unique_ptr<example_struct>, 1000000, 62
128, 4-40, std::unique_ptr<example_struct>, 1000000, 65
128, 5-40, std::unique_ptr<example_struct>, 1000000, 67
128, 6-40, std::unique_ptr<example_struct>, 1000000, 70
128, 0-40, std::unique_ptr<example_struct>, 1000000, 76
128, 1-40, std::unique_ptr<example_struct>, 1000000, 75
128, 2-40, std::unique_ptr<example_struct>, 1000000, 70
128, 3-40, std::unique_ptr<example_struct>, 1000000, 62
128, 4-40, std::unique_ptr<example_struct>, 1000000, 64
128, 5-40, std::unique_ptr<example_struct>, 1000000, 69
128, 6-40, std::unique_ptr<example_struct>, 1000000, 62
128, 0-40, std::unique_ptr<example_struct>, 1000000, 74
128, 1-40, std::unique_ptr<example_struct>, 1000000, 76
128, 2-40, std::unique_ptr<example_struct>, 1000000, 69
128, 3-40, std::unique_ptr<example_struct>, 1000000, 64
128, 4-40, std::unique_ptr<example_struct>, 1000000, 62
128, 5-40, std::unique_ptr<example_struct>, 1000000, 68
128, 6-40, std::unique_ptr<example_struct>, 1000000, 67
128, 0-40, std::unique_ptr<example_struct>, 1000000, 77
128, 1-40, std::unique_ptr<example_struct>, 1000000, 75
128, 2-40, std::unique_ptr<example_struct>, 1000000, 70
128, 3-40, std::unique_ptr<example_struct>, 1000000, 63
128, 4-40, std::unique_ptr<example_struct>, 1000000, 64
128, 5-40, std::unique_ptr<example_struct>, 1000000, 68
128, 6-40, std::unique_ptr<example_struct>, 1000000, 65
128, 0-40, std::unique_ptr<example_struct>, 1000000, 72
128, 1-40, std::unique_ptr<example_struct>, 1000000, 73
128, 2-40, std::unique_ptr<example_struct>, 1000000, 70
128, 3-40, std::unique_ptr<example_struct>, 1000000, 65
128, 4-40, std::unique_ptr<example_struct>, 1000000, 62
128, 5-40, std::unique_ptr<example_struct>, 1000000, 70
128, 6-40, std::unique_ptr<example_struct>, 1000000, 71
128, 0-40, std::unique_ptr<example_struct>, 1000000, 77
128, 1-40, std::unique_ptr<example_struct>, 1000000, 75
128, 2-40, std::unique_ptr<example_struct>, 1000000, 70
128, 3-40, std::unique_ptr<example_struct>, 1000000, 64
128, 4-40, std::unique_ptr<example_struct>, 1000000, 62
128, 5-40, std::unique_ptr<example_struct>, 1000000, 67
128, 6-40, std::unique_ptr<example_struct>, 1000000, 71
128, 0-40, std::unique_ptr<example_struct>, 1000000, 73
128, 1-40, std::unique_ptr<example_struct>, 1000000, 72
128, 2-40, std::unique_ptr<example_struct>, 1000000, 71
128, 3-40, std::unique_ptr<example_struct>, 1000000, 65
128, 4-40, std::unique_ptr<example_struct>, 1000000, 63
128, 5-40, std::unique_ptr<example_struct>, 1000000, 68
128, 6-40, std::unique_ptr<example_struct>, 1000000, 73
128, 0-40, std::unique_ptr<example_struct>, 1000000, 77
128, 1-40, std::unique_ptr<example_struct>, 1000000, 75
128, 2-40, std::unique_ptr<example_struct>, 1000000, 70
128, 3-40, std::unique_ptr<example_struct>, 1000000, 62
128, 4-40, std::unique_ptr<example_struct>, 1000000, 63
128, 5-40, std::unique_ptr<example_struct>, 1000000, 70
128, 6-40, std::unique_ptr<example_struct>, 1000000, 70
128, 0-40, std::unique_ptr<example_struct>, 1000000, 76
128, 1-40, std::unique_ptr<example_struct>, 1000000, 76
128, 2-40, std::unique_ptr<example_struct>, 1000000, 71
128, 3-40, std::unique_ptr<example_struct>, 1000000, 62
128, 4-40, std::unique_ptr<example_struct>, 1000000, 63
128, 5-40, std::unique_ptr<example_struct>, 1000000, 68
128, 6-40, std::unique_ptr<example_struct>, 1000000, 70
128, 0-40, std::unique_ptr<example_struct>, 1000000, 76
128, 1-40, std::unique_ptr<example_struct>, 1000000, 73
128, 2-40, std::unique_ptr<example_struct>, 1000000, 70
128, 3-40, std::unique_ptr<example_struct>, 1000000, 66
128, 4-40, std::unique_ptr<example_struct>, 1000000, 63
128, 5-40, std::unique_ptr<example_struct>, 1000000, 70
128, 6-40, std::unique_ptr<example_struct>, 1000000, 69
128, 0-40, std::unique_ptr<example_struct>, 1000000, 77
128, 1-40, std::unique_ptr<example_struct>, 1000000, 75
128, 2-40, std::unique_ptr<example_struct>, 1000000, 70
128, 3-40, std::unique_ptr<example_struct>, 1000000, 62
128, 4-40, std::unique_ptr<example_struct>, 1000000, 63
128, 5-40, std::unique_ptr<example_struct>, 1000000, 70
128, 6-40, std::unique_ptr<example_struct>, 1000000, 63
128, 0-40, std::unique_ptr<example_struct>, 1000000, 78
128, 1-40, std::unique_ptr<example_struct>, 1000000, 75
128, 2-40, std::unique_ptr<example_struct>, 1000000, 71
128, 3-40, std::unique_ptr<example_struct>, 1000000, 63
128, 4-40, std::unique_ptr<example_struct>, 1000000, 63
128, 5-40, std::unique_ptr<example_struct>, 1000000, 62
128, 6-40, std::unique_ptr<example_struct>, 1000000, 67
128, 0-40, std::unique_ptr<example_struct>, 1000000, 72
128, 1-40, std::unique_ptr<example_struct>, 1000000, 75
128, 2-40, std::unique_ptr<example_struct>, 1000000, 65
128, 3-40, std::unique_ptr<example_struct>, 1000000, 63
128, 4-40, std::unique_ptr<example_struct>, 1000000, 64
128, 5-40, std::unique_ptr<example_struct>, 1000000, 70
128, 6-40, std::unique_ptr<example_struct>, 1000000, 70
128, 0-40, std::unique_ptr<example_struct>, 1000000, 75
128, 1-40, std::unique_ptr<example_struct>, 1000000, 75
128, 2-40, std::unique_ptr<example_struct>, 1000000, 69
128, 3-40, std::unique_ptr<example_struct>, 1000000, 62
128, 4-40, std::unique_ptr<example_struct>, 1000000, 63
128, 5-40, std::unique_ptr<example_struct>, 1000000, 69
128, 6-40, std::unique_ptr<example_struct>, 1000000, 71
128, 0-40, std::unique_ptr<example_struct>, 1000000, 73
128, 1-40, std::unique_ptr<example_struct>, 1000000, 75
128, 2-40, std::unique_ptr<example_struct>, 1000000, 67
128, 3-40, std::unique_ptr<example_struct>, 1000000, 63
128, 4-40, std::unique_ptr<example_struct>, 1000000, 65
128, 5-40, std::unique_ptr<example_struct>, 1000000, 69
128, 6-40, std::unique_ptr<example_struct>, 1000000, 72
128, 0-40, std::unique_ptr<example_struct>, 1000000, 77
128, 1-40, std::unique_ptr<example_struct>, 1000000, 76
128, 2-40, std::unique_ptr<example_struct>, 1000000, 69
128, 3-40, std::unique_ptr<example_struct>, 1000000, 64
128, 4-40, std::unique_ptr<example_struct>, 1000000, 62
128, 5-40, std::unique_ptr<example_struct>, 1000000, 66
128, 6-40, std::unique_ptr<example_struct>, 1000000, 72
128, 0-40, std::unique_ptr<example_struct>, 1000000, 75
128, 1-40, std::unique_ptr<example_struct>, 1000000, 75
128, 2-40, std::unique_ptr<example_struct>, 1000000, 70
128, 3-40, std::unique_ptr<example_struct>, 1000000, 63
128, 4-40, std::unique_ptr<example_struct>, 1000000, 63
128, 5-40, std::unique_ptr<example_struct>, 1000000, 68
128, 6-40, std::unique_ptr<example_struct>, 1000000, 70
128, 0-40, std::unique_ptr<example_struct>, 1000000, 72
128, 1-40, std::unique_ptr<example_struct>, 1000000, 72
128, 2-40, std::unique_ptr<example_struct>, 1000000, 68
128, 3-40, std::unique_ptr<example_struct>, 1000000, 54
128, 4-40, std::unique_ptr<example_struct>, 1000000, 63
128, 5-40, std::unique_ptr<example_struct>, 1000000, 68
128, 6-40, std::unique_ptr<example_struct>, 1000000, 70
128, 0-40, std::unique_ptr<example_struct>, 1000000, 75
128, 1-40, std::unique_ptr<example_struct>, 1000000, 75
128, 2-40, std::unique_ptr<example_struct>, 1000000, 70
128, 3-40, std::unique_ptr<example_struct>, 1000000, 63
128, 4-40, std::unique_ptr<example_struct>, 1000000, 64
128, 5-40, std::unique_ptr<example_struct>, 1000000, 69
128, 6-40, std::unique_ptr<example_struct>, 1000000, 70
128, 0-40, std::unique_ptr<example_struct>, 1000000, 76
128, 1-40, std::unique_ptr<example_struct>, 1000000, 76
128, 2-40, std::unique_ptr<example_struct>, 1000000, 69
128, 3-40, std::unique_ptr<example_struct>, 1000000, 64
128, 4-40, std::unique_ptr<example_struct>, 1000000, 61
128, 5-40, std::unique_ptr<example_struct>, 1000000, 68
128, 6-40, std::unique_ptr<example_struct>, 1000000, 70
128, 0-40, std::unique_ptr<example_struct>, 1000000, 77
128, 1-40, std::unique_ptr<example_struct>, 1000000, 75
128, 2-40, std::unique_ptr<example_struct>, 1000000, 68
128, 3-40, std::unique_ptr<example_struct>, 1000000, 66
128, 4-40, std::unique_ptr<example_struct>, 1000000, 63
128, 5-40, std::unique_ptr<example_struct>, 1000000, 69
128, 6-40, std::unique_ptr<example_struct>, 1000000, 72
128, 0-40, std::unique_ptr<example_struct>, 1000000, 73
128, 1-40, std::unique_ptr<example_struct>, 1000000, 76
128, 2-40, std::unique_ptr<example_struct>, 1000000, 68
128, 3-40, std::unique_ptr<example_struct>, 1000000, 62
128, 4-40, std::unique_ptr<example_struct>, 1000000, 62
128, 5-40, std::unique_ptr<example_struct>, 1000000, 69
128, 6-40, std::unique_ptr<example_struct>, 1000000, 71
128, 0-40, std::unique_ptr<example_struct>, 1000000, 76
128, 1-40, std::unique_ptr<example_struct>, 1000000, 75
128, 2-40, std::unique_ptr<example_struct>, 1000000, 66
128, 3-40, std::unique_ptr<example_struct>, 1000000, 64
128, 4-40, std::unique_ptr<example_struct>, 1000000, 67
128, 5-40, std::unique_ptr<example_struct>, 1000000, 68
128, 6-40, std::unique_ptr<example_struct>, 1000000, 67
128, 0-40, std::unique_ptr<example_struct>, 1000000, 74
128, 1-40, std::unique_ptr<example_struct>, 1000000, 71
128, 2-40, std::unique_ptr<example_struct>, 1000000, 69
128, 3-40, std::unique_ptr<example_struct>, 1000000, 65
128, 4-40, std::unique_ptr<example_struct>, 1000000, 60
128, 5-40, std::unique_ptr<example_struct>, 1000000, 71
128, 6-40, std::unique_ptr<example_struct>, 1000000, 70
128, 0-40, std::unique_ptr<example_struct>, 1000000, 61
128, 1-40, std::unique_ptr<example_struct>, 1000000, 76
128, 2-40, std::unique_ptr<example_struct>, 1000000, 59
128, 3-40, std::unique_ptr<example_struct>, 1000000, 58
128, 4-40, std::unique_ptr<example_struct>, 1000000, 65
128, 5-40, std::unique_ptr<example_struct>, 1000000, 69
128, 6-40, std::unique_ptr<example_struct>, 1000000, 68
128, 0-40, std::unique_ptr<example_struct>, 1000000, 75
128, 1-40, std::unique_ptr<example_struct>, 1000000, 76
128, 2-40, std::unique_ptr<example_struct>, 1000000, 69
128, 3-40, std::unique_ptr<example_struct>, 1000000, 65
128, 4-40, std::unique_ptr<example_struct>, 1000000, 80
128, 5-40, std::unique_ptr<example_struct>, 1000000, 69
128, 6-40, std::unique_ptr<example_struct>, 1000000, 71
128, 0-40, std::unique_ptr<example_struct>, 1000000, 75
128, 1-40, std::unique_ptr<example_struct>, 1000000, 74
128, 2-40, std::unique_ptr<example_struct>, 1000000, 67
128, 3-40, std::unique_ptr<example_struct>, 1000000, 61
128, 4-40, std::unique_ptr<example_struct>, 1000000, 64
128, 5-40, std::unique_ptr<example_struct>, 1000000, 68
128, 6-40, std::unique_ptr<example_struct>, 1000000, 70
128, 0-40, std::unique_ptr<example_struct>, 1000000, 76
128, 1-40, std::unique_ptr<example_struct>, 1000000, 74
128, 2-40, std::unique_ptr<example_struct>, 1000000, 69
128, 3-40, std::unique_ptr<example_struct>, 1000000, 63
128, 4-40, std::unique_ptr<example_struct>, 1000000, 61
128, 5-40, std::unique_ptr<example_struct>, 1000000, 69
128, 6-40, std::unique_ptr<example_struct>, 1000000, 69
128, 0-40, std::unique_ptr<example_struct>, 1000000, 76
128, 1-40, std::unique_ptr<example_struct>, 1000000, 75
128, 2-40, std::unique_ptr<example_struct>, 1000000, 69
128, 3-40, std::unique_ptr<example_struct>, 1000000, 61
128, 4-40, std::unique_ptr<example_struct>, 1000000, 65
128, 5-40, std::unique_ptr<example_struct>, 1000000, 67
128, 6-40, std::unique_ptr<example_struct>, 1000000, 70
128, 0-40, std::unique_ptr<example_struct>, 1000000, 77
128, 1-40, std::unique_ptr<example_struct>, 1000000, 75
128, 2-40, std::unique_ptr<example_struct>, 1000000, 68
128, 3-40, std::unique_ptr<example_struct>, 1000000, 61
128, 4-40, std::unique_ptr<example_struct>, 1000000, 62
128, 5-40, std::unique_ptr<example_struct>, 1000000, 68
128, 6-40, std::unique_ptr<example_struct>, 1000000, 70
128, 0-40, std::unique_ptr<example_struct>, 1000000, 75
128, 1-40, std::unique_ptr<example_struct>, 1000000, 74
128, 2-40, std::unique_ptr<example_struct>, 1000000, 70
128, 3-40, std::unique_ptr<example_struct>, 1000000, 63
128, 4-40, std::unique_ptr<example_struct>, 1000000, 66
128, 5-40, std::unique_ptr<example_struct>, 1000000, 68
128, 6-40, std::unique_ptr<example_struct>, 1000000, 72
128, 0-40, std::unique_ptr<example_struct>, 1000000, 75
128, 1-40, std::unique_ptr<example_struct>, 1000000, 77
128, 2-40, std::unique_ptr<example_struct>, 1000000, 65
128, 3-40, std::unique_ptr<example_struct>, 1000000, 61
128, 4-40, std::unique_ptr<example_struct>, 1000000, 65
128, 5-40, std::unique_ptr<example_struct>, 1000000, 70
128, 6-40, std::unique_ptr<example_struct>, 1000000, 71
128, 0-40, std::unique_ptr<example_struct>, 1000000, 77
128, 1-40, std::unique_ptr<example_struct>, 1000000, 75
128, 2-40, std::unique_ptr<example_struct>, 1000000, 70
128, 3-40, std::unique_ptr<example_struct>, 1000000, 61
128, 4-40, std::unique_ptr<example_struct>, 1000000, 67
128, 5-40, std::unique_ptr<example_struct>, 1000000, 69
128, 6-40, std::unique_ptr<example_struct>, 1000000, 74
128, 0-40, std::unique_ptr<example_struct>, 1000000, 80
128, 1-40, std::unique_ptr<example_struct>, 1000000, 80
128, 2-40, std::unique_ptr<example_struct>, 1000000, 73
128, 3-40, std::unique_ptr<example_struct>, 1000000, 64
128, 4-40, std::unique_ptr<example_struct>, 1000000, 63
128, 5-40, std::unique_ptr<example_struct>, 1000000, 69
128, 6-40, std::unique_ptr<example_struct>, 1000000, 70
128, 0-40, std::unique_ptr<example_struct>, 1000000, 75
128, 1-40, std::unique_ptr<example_struct>, 1000000, 74
128, 2-40, std::unique_ptr<example_struct>, 1000000, 68
128, 3-40, std::unique_ptr<example_struct>, 1000000, 63
128, 4-40, std::unique_ptr<example_struct>, 1000000, 63
128, 5-40, std::unique_ptr<example_struct>, 1000000, 69
128, 6-40, std::unique_ptr<example_struct>, 1000000, 71
128, 0-40, std::unique_ptr<example_struct>, 1000000, 75
128, 1-40, std::unique_ptr<example_struct>, 1000000, 74
128, 2-40, std::unique_ptr<example_struct>, 1000000, 71
128, 3-40, std::unique_ptr<example_struct>, 1000000, 62
128, 4-40, std::unique_ptr<example_struct>, 1000000, 63
128, 5-40, std::unique_ptr<example_struct>, 1000000, 69
128, 6-40, std::unique_ptr<example_struct>, 1000000, 74
128, 0-40, std::unique_ptr<example_struct>, 1000000, 75
128, 1-40, std::unique_ptr<example_struct>, 1000000, 77
128, 2-40, std::unique_ptr<example_struct>, 1000000, 70
128, 3-40, std::unique_ptr<example_struct>, 1000000, 63
128, 4-40, std::unique_ptr<example_struct>, 1000000, 66
128, 5-40, std::unique_ptr<example_struct>, 1000000, 70
128, 6-40, std::unique_ptr<example_struct>, 1000000, 70
128, 0-40, std::unique_ptr<example_struct>, 1000000, 75
128, 1-40, std::unique_ptr<example_struct>, 1000000, 75
128, 2-40, std::unique_ptr<example_struct>, 1000000, 71
128, 3-40, std::unique_ptr<example_struct>, 1000000, 63
128, 4-40, std::unique_ptr<example_struct>, 1000000, 67
128, 5-40, std::unique_ptr<example_struct>, 1000000, 69
128, 6-40, std::unique_ptr<example_struct>, 1000000, 70
128, 0-40, std::unique_ptr<example_struct>, 1000000, 76
128, 1-40, std::unique_ptr<example_struct>, 1000000, 75
128, 2-40, std::unique_ptr<example_struct>, 1000000, 62
128, 3-40, std::unique_ptr<example_struct>, 1000000, 65
128, 4-40, std::unique_ptr<example_struct>, 1000000, 66
128, 5-40, std::unique_ptr<example_struct>, 1000000, 67
128, 6-40, std::unique_ptr<example_struct>, 1000000, 72
128, 0-40, std::unique_ptr<example_struct>, 1000000, 76
128, 1-40, std::unique_ptr<example_struct>, 1000000, 74
128, 2-40, std::unique_ptr<example_struct>, 1000000, 72
128, 3-40, std::unique_ptr<example_struct>, 1000000, 65
128, 4-40, std::unique_ptr<example_struct>, 1000000, 65
128, 5-40, std::unique_ptr<example_struct>, 1000000, 69
128, 6-40, std::unique_ptr<example_struct>, 1000000, 66
